Name,Price,Link,Antutu
Xiaomi Mi 9,1693,https://www.kimovil.com/en/where-to-buy-xiaomi-mi-9,372006
Samsung Galaxy S10 Plus,5819,https://www.kimovil.com/en/where-to-buy-samsung-galaxy-s10-plus-sm-g975f-1tb,340345
OnePlus 7,1969,https://www.kimovil.com/en/where-to-buy-oneplus-7-8gb-256gb-cn,362000
OnePlus 7,2363,https://www.kimovil.com/en/where-to-buy-oneplus-7-12gb-256gb-cn,362000
Oneplus 6T,1599,https://www.kimovil.com/en/where-to-buy-oneplus-6t-cn-in-8gb-128gb,297132
Xiaomi Mi 9,1491,https://www.kimovil.com/en/where-to-buy-xiaomi-mi-9-global,372006
OnePlus 7,2654,https://www.kimovil.com/en/where-to-buy-oneplus-7-8gb-256gb-global,362000
Oneplus 6T,2329,https://www.kimovil.com/en/where-to-buy-oneplus-6t-cn-6gb-128gb,297132
Xiaomi Mi 9,1808,https://www.kimovil.com/en/where-to-buy-xiaomi-mi-9-8gb-cn,372006
Xiaomi Mi 9,1696,https://www.kimovil.com/en/where-to-buy-xiaomi-mi-9-global-128gb,372006
Xiaomi Mi Mix 2s,1142,https://www.kimovil.com/en/where-to-buy-xiaomi-mi-mix-2s-global,277178
Oneplus 6T,1909,https://www.kimovil.com/en/where-to-buy-oneplus-6t-8gb-128gb,297132
Oneplus 6T,2087,https://www.kimovil.com/en/where-to-buy-oneplus-6t-cn-in-8gb-256gb,297132
Samsung Galaxy S10 Plus,3437,https://www.kimovil.com/en/where-to-buy-samsung-galaxy-s10-plus,340345
Huawei Mate 20X,2186,https://www.kimovil.com/en/where-to-buy-huawei-mate-20x,313561
OnePlus 7 Pro,2572,https://www.kimovil.com/en/where-to-buy-oneplus-7-pro-cn,364025
Xiaomi Mi8,1902,https://www.kimovil.com/en/where-to-buy-xiaomi-mi8-8gb,271164
Oneplus 6T,2653,https://www.kimovil.com/en/where-to-buy-oneplus-6t,297132
Nubia Red Magic 3,2287,https://www.kimovil.com/en/where-to-buy-nubia-red-magic-3,384304
Nubia Red Magic 3,1796,https://www.kimovil.com/en/where-to-buy-nubia-red-magic-3-6gb-128gb-nx628j,384304
OnePlus 7 Pro,2879,https://www.kimovil.com/en/where-to-buy-oneplus-7-pro-8gb-256gb-cn,364025
Xiaomi Mi Mix 2s,1516,https://www.kimovil.com/en/where-to-buy-xiaomi-mi-mix-2s-global-128gb,277178
Huawei Mate 20X,2830,https://www.kimovil.com/en/where-to-buy-huawei-mate-20x-l29,313561
OnePlus 6,1456,https://www.kimovil.com/en/where-to-buy-oneplus-6-cn,292275
OnePlus 6,1548,https://www.kimovil.com/en/where-to-buy-oneplus-6-8gb-128gb,292275
Xiaomi Mi8,1209,https://www.kimovil.com/en/where-to-buy-xiaomi-mi8-6gb-64gb,271164
Xiaomi Mi8,1260,https://www.kimovil.com/en/where-to-buy-xiaomi-mi8-6gb-128gb,271164
OnePlus 7 Pro,2855,https://www.kimovil.com/en/where-to-buy-oneplus-7-pro,364025
OnePlus 7 Pro,3131,https://www.kimovil.com/en/where-to-buy-oneplus-7-pro-8gb-256gb,364025
Xiaomi Mi8 Global,1242,https://www.kimovil.com/en/where-to-buy-xiaomi-mi8,271164
Xiaomi Mi8 Global,1335,https://www.kimovil.com/en/where-to-buy-xiaomi-mi8-global-128gb,271164
Oneplus 6T,2833,https://www.kimovil.com/en/where-to-buy-oneplus-6t-8gb-256gb,297132
Samsung Galaxy S10,3024,https://www.kimovil.com/en/where-to-buy-samsung-galaxy-s10,326186
Pocophone F1,1198,https://www.kimovil.com/en/where-to-buy-xiaomi-pocophone-f1-6gb-128gb,296100
Xiaomi Mi Mix 2s,1142,https://www.kimovil.com/en/where-to-buy-xiaomi-mi-mix-2s,277178
Huawei P20 Pro,2347,https://www.kimovil.com/en/where-to-buy-huawei-p20-pro,211123
OnePlus 6,2036,https://www.kimovil.com/en/where-to-buy-oneplus-6-eu-128gb,292275
Xiaomi Mi8,1695,https://www.kimovil.com/en/where-to-buy-xiaomi-mi8-6gb-256gb,271164
Redmi Note 7 Pro,901,https://www.kimovil.com/en/where-to-buy-xiaomi-redmi-note-7-pro-cn,185115
Xiaomi Black Shark 2,1753,https://www.kimovil.com/en/where-to-buy-black-shark-black-shark-2,395000
ZTE Axon 10 Pro,2639,https://www.kimovil.com/en/where-to-buy-zte-axon-10-pro,381136
Nubia Red Magic 3,2135,https://www.kimovil.com/en/where-to-buy-nubia-red-magic-3-8gb-128gb-nx628j,384304
OnePlus 7 Pro,3383,https://www.kimovil.com/en/where-to-buy-oneplus-7-pro-12gb-256gb-cn,364025
Pocophone F1,1036,https://www.kimovil.com/en/where-to-buy-xiaomi-pocophone-f1,296100
Huawei Mate 20 PRO,2879,https://www.kimovil.com/en/where-to-buy-huawei-mate-20-pro,313561
Huawei Mate 20X,3032,https://www.kimovil.com/en/where-to-buy-huawei-mate-20x-256gb,313561
Samsung Galaxy S9+,2383,https://www.kimovil.com/en/where-to-buy-samsung-galaxy-s9-plus-dualsim-128gb,242789
Xiaomi Mi Mix 2s,2140,https://www.kimovil.com/en/where-to-buy-xiaomi-mi-mix-2s-128gb,277178
OnePlus 6,1930,https://www.kimovil.com/en/where-to-buy-oneplus-6-8gb-256gb,292275
Huawei Mate 20,1900,https://www.kimovil.com/en/where-to-buy-huawei-mate-20,313561
OnePlus 6,1871,https://www.kimovil.com/en/where-to-buy-oneplus-6,292275
OnePlus 6,2298,https://www.kimovil.com/en/where-to-buy-oneplus-6-eu-256gb,292275
Xiaomi Black Shark 2,2623,https://www.kimovil.com/en/where-to-buy-black-shark-2,395000
Xiaomi Black Shark 2,2107,https://www.kimovil.com/en/where-to-buy-black-shark-black-shark-2-8gb-256gb,395000
Xiaomi Black Shark 2,1969,https://www.kimovil.com/en/where-to-buy-black-shark-black-shark-2-8gb-128gb,395000
Huawei P30 Pro,3893,https://www.kimovil.com/en/where-to-buy-huawei-p30-pro,309056
Huawei P30 Pro,3556,https://www.kimovil.com/en/where-to-buy-huawei-p30-pro-8gb-128gb,309056
Huawei P30 Pro,4020,https://www.kimovil.com/en/where-to-buy-huawei-p30-pro-8gb-256,309056
Huawei P30 Pro,3269,https://www.kimovil.com/en/where-to-buy-huawei-p30-pro-8gb-128gb-al00,309056
OnePlus 7 Pro,3612,https://www.kimovil.com/en/where-to-buy-oneplus-7-pro-12gb-256gb-global,364025
Meizu 16th Plus,1654,https://www.kimovil.com/en/where-to-buy-meizu-16th-plus-8gb-256gb-cn,291186
Samsung Galaxy Note 9,2493,https://www.kimovil.com/en/where-to-buy-samsung-galaxy-note-9-dual-eu,235465
Huawei Honor V20,1544,https://www.kimovil.com/en/where-to-buy-huawei-honor-v20,305525
Huawei Honor V20,1650,https://www.kimovil.com/en/where-to-buy-huawei-honor-v20-8gb,305525
Samsung Galaxy Note 9,2680,https://www.kimovil.com/en/where-to-buy-samsung-galaxy-note--n9600,275000
Xiaomi Mi 9,3143,https://www.kimovil.com/en/where-to-buy-xiaomi-mi-9-battle-angel,372006
Samsung Galaxy S10 Plus,4414,https://www.kimovil.com/en/where-to-buy-samsung-galaxy-s10-plus-sm-g975f-512gb,340345
Pocophone F1,2135,https://www.kimovil.com/en/where-to-buy-xiaomi-poco-f1-256gb,296100
Huawei Mate 20 PRO,2450,https://www.kimovil.com/en/where-to-buy-huawei-mate-20-pro-al10,313561
Huawei P20 Pro,1816,https://www.kimovil.com/en/where-to-buy-huawei-p20-pro-al00-6gb-64gb,211123
Asus Zenfone 5z,2717,https://www.kimovil.com/en/where-to-buy-asus-zenfone-5z-8gb-256gb,274499
Xiaomi Black Shark 2,2127,https://www.kimovil.com/en/where-to-buy-black-shark-black-shark-2-global,395000
Huawei P30,2272,https://www.kimovil.com/en/where-to-buy-huawei-p30-al00,309056
Huawei Mate 10,3226,https://www.kimovil.com/en/where-to-buy-huawei-mate-10,211486
Huawei Mate 10,1329,https://www.kimovil.com/en/where-to-buy-huawei-mate-10-l09,211486
Samsung Galaxy S9+,2727,https://www.kimovil.com/en/where-to-buy-samsung-galaxy-s9-plus,262561
Samsung Galaxy S8+,2166,https://www.kimovil.com/en/where-to-buy-samsung-galaxy-s8-plus,194971
Samsung Galaxy S8+,1703,https://www.kimovil.com/en/where-to-buy-samsung-galaxy-s8-plus4gb-64gb-g955fd,202156
Meizu 16th Plus,1654,https://www.kimovil.com/en/where-to-buy-meizu-16th-plus,291186
Meizu 16th Plus,1654,https://www.kimovil.com/en/where-to-buy-meizu-16th-plus-8gb-128gb-cn,291186
Lenovo Z5 Pro GT,1969,https://www.kimovil.com/en/where-to-buy-lenovo-z5-pro-gt,371273
Huawei Honor V20 MOSCHINO,1880,https://www.kimovil.com/en/where-to-buy-huawei-honor-v20-moschino,305525
Huawei Honor View 20,2214,https://www.kimovil.com/en/where-to-buy-huawei-honor-view-20,305525
Huawei Honor View 20,2657,https://www.kimovil.com/en/where-to-buy-huawei-honor-view-28-256gb,305525
Samsung Galaxy S9+,2271,https://www.kimovil.com/en/where-to-buy-samsung-galaxy-s9-plus-dual-sim,242789
Samsung Galaxy S9+,2534,https://www.kimovil.com/en/where-to-buy-samsung-galaxy-s9-plusg965fd-6gb-256gb,242446
Huawei P20 Pro,2173,https://www.kimovil.com/en/where-to-buy-huawei-p20-pro-al00-6gb-128gb,211123
Asus Zenfone 5z,1720,https://www.kimovil.com/en/where-to-buy-asus-zenfone-5zzs620kl-vc-6gb-64gb,274499
UMIDIGI F1 Play,776,https://www.kimovil.com/en/where-to-buy-umidigi-f1-play,134000
Xiaomi Black Shark 2,2678,https://www.kimovil.com/en/where-to-buy-black-shark-black-shark-2-global-12gb,395000
Huawei P30,2642,https://www.kimovil.com/en/where-to-buy-huawei-p30-8gb-128gb-al00,309056
Xiaomi Mi 9T,1591,https://www.kimovil.com/en/where-to-buy-xiaomi-mi-9t,
Xiaomi Mi 9T,1626,https://www.kimovil.com/en/where-to-buy-xiaomi-mi-9t-6gb-128gb,
Xiaomi Mi Mix 2,1569,https://www.kimovil.com/en/where-to-buy-xiaomi-mi-mix-2,206574
Huawei Mate 10,1370,https://www.kimovil.com/en/where-to-buy-huawei-mate-10-4gb-64gb-al10,211486
OnePlus 5T,1174,https://www.kimovil.com/en/where-to-buy-oneplus-5t,212558
OnePlus 5T,1174,https://www.kimovil.com/en/where-to-buy-oneplus-5t-8gb-128gb,212558
Huawei Mate 10 Pro,1871,https://www.kimovil.com/en/where-to-buy-huawei-mate-10-pro-6gb-128gb,213133
Samsung Galaxy Note 9,3343,https://www.kimovil.com/en/where-to-buy-samsung-galaxy-note-9,235456
Oneplus 6T,3147,https://www.kimovil.com/en/where-to-buy-oneplus-6t-mclaren-cn,297132
Redmi Note 7,604,https://www.kimovil.com/en/where-to-buy-redmi-note-7,144599
Redmi Note 7,697,https://www.kimovil.com/en/where-to-buy-xiaomi-redmi-note-7-4gb-64gb,144599
UMIDIGI S3 Pro,1048,https://www.kimovil.com/en/where-to-buy-umidigi-s3-pro,156000
Redmi Note 7,612,https://www.kimovil.com/en/where-to-buy-xiaomi-redmi-note-7-global,144599
Redmi Note 7,709,https://www.kimovil.com/en/where-to-buy-xiaomi-redmi-note-7-global-64gb,144599
Redmi Note 7,764,https://www.kimovil.com/en/where-to-buy-xiaomi-redmi-note-7-global-4gb-128gb,144599
Oppo R17 Pro,3221,https://www.kimovil.com/en/where-to-buy-oppo-r17-pro,170000
Samsung Galaxy Note 9,3493,https://www.kimovil.com/en/where-to-buy-samsung-galaxy-note-9-8gb-512gb-eu-n960fd,236415
Pocophone F1,1900,https://www.kimovil.com/en/where-to-buy-xiaomi-poco-f1-armoured-edition,296100
Asus Zenfone 5z,1767,https://www.kimovil.com/en/where-to-buy-asus-zenfone-5z-zs620kl-va,274499
Nokia X7,957,https://www.kimovil.com/en/where-to-buy-nokia-x7,174000
Huawei Mate 20,1749,https://www.kimovil.com/en/where-to-buy-huawei-mate-20-al00,313561
Samsung Galaxy S9+,2565,https://www.kimovil.com/en/where-to-buy-samsung-galaxy-s9-plus-eu,242789
Samsung Galaxy S9+,2727,https://www.kimovil.com/en/where-to-buy-samsung-galaxy-s9-plus-g965-6gb-128gb,262561
Redmi Note 7,736,https://www.kimovil.com/en/where-to-buy-xiaomi-redmi-note-7-cn-4gb-128gb,144599
Huawei P30,2980,https://www.kimovil.com/en/where-to-buy-huawei-p30-8gb-256gb-al00,309056
Asus ZenFone 6,2169,https://www.kimovil.com/en/where-to-buy-asus-zenfone-6,365000
Xiaomi Mi MIX 2,1785,https://www.kimovil.com/en/where-to-buy-xiaomi-mi-mix-2-6gb-256gb,206574
Xiaomi Mi MIX 2,1358,https://www.kimovil.com/en/where-to-buy-xiaomi-mi-mix-2-6gb-128gb,206574
Xiaomi Mi MIX 2,1569,https://www.kimovil.com/en/where-to-buy-xiaomi-mi-mix-2-special-edition,206574
Google Pixel 2 XL,1434,https://www.kimovil.com/en/where-to-buy-google-pixel-2-xl,203768
Huawei Mate 10,2479,https://www.kimovil.com/en/where-to-buy-huawei-mate-10-6gb-128gb,211486
Google Pixel 2 XL,1453,https://www.kimovil.com/en/where-to-buy-google-pixel-2-xl-128gb,203768
Vivo NEX S,2092,https://www.kimovil.com/en/where-to-buy-vivo-nex-ultimate,291277
HTC U12+,2548,https://www.kimovil.com/en/where-to-buy-htc-u12-plus-6gb-128gb,275000
Samsung Galaxy S7 Edge,1264,https://www.kimovil.com/en/where-to-buy-samsung-galaxy-s7-edgesm-g9350-dual,158313
Nokia X7,1222,https://www.kimovil.com/en/where-to-buy-nokia-x7-ta-1131-6gb-64gb,174000
Nokia X7,1262,https://www.kimovil.com/en/where-to-buy-nokia-x7-ta-1131-6gb-128gb,174000
Lenovo Z5 Pro,1041,https://www.kimovil.com/en/where-to-buy-lenovo-z5-pro,166380
Nubia Red Magic Mars,1374,https://www.kimovil.com/en/where-to-buy-nubia-red-magic-mars,320971
UMIDIGI F1,610,https://www.kimovil.com/en/where-to-buy-umidigi-f1,134000
Huawei nova 4,1677,https://www.kimovil.com/en/where-to-buy-huawei-nova-4-high,209500
Redmi Note 7,795,https://www.kimovil.com/en/where-to-buy-xiaomi-redmi-note-7-6gb-64gb,144599
Meizu Note 9,760,https://www.kimovil.com/en/where-to-buy-meizu-note-9-6gb-64gb,178976
Xiaomi Mi 9,3338,https://www.kimovil.com/en/where-to-buy-xiaomi-mi-9-8gb-128gb-global,372006
Asus ZenFone 4 Pro,2135,https://www.kimovil.com/en/where-to-buy-asus-zenfone-4-pro-64gb,175256
Xiaomi Redmi Note 6 Pro,586,https://www.kimovil.com/en/where-to-buy-xiaomi-redmi-note-6-pro,115991
Xiaomi Redmi Note 6 Pro,630,https://www.kimovil.com/en/where-to-buy-xiaomi-redmi-note-6-pro-64gb,115991
Xiaomi Mi8 Lite,889,https://www.kimovil.com/en/where-to-buy-xiaomi-mi8-lite-global,143942
Huawei Mate 20 PRO,3170,https://www.kimovil.com/en/where-to-buy-huawei-mate-20-pro-8gb-128gb-al10,313561
Xiaomi Mi8 Lite,693,https://www.kimovil.com/en/where-to-buy-xiaomi-mi8-lite-global-64gb,143942
Asus Zenfone 5z,1990,https://www.kimovil.com/en/where-to-buy-asus-zenfone-5z,274499
Xiaomi Mi Mix 2s,2915,https://www.kimovil.com/en/where-to-buy-xiaomi-mi-mix-2s-256gb,277178
LG G6,1900,https://www.kimovil.com/en/where-to-buy-lg-g6-h870ds-32gb,156293
Nubia Z18,1546,https://www.kimovil.com/en/where-to-buy-nubia-z18,280085
Meizu 15 Plus,1240,https://www.kimovil.com/en/where-to-buy-meizu-15-plus-64gb-global,184706
Meizu Note 9,756,https://www.kimovil.com/en/where-to-buy-meizu-note-9-global,178976
Huawei P30 Pro,4966,https://www.kimovil.com/en/where-to-buy-huawei-p30-pro-8gb-512gb,309056
Huawei P30,3105,https://www.kimovil.com/en/where-to-buy-huawei-p30-8gb-128gb,309056
Huawei P30 Pro,4040,https://www.kimovil.com/en/where-to-buy-huawei-p30-pro-8gb-256gb-al00,309056
Asus Zenfone 5z,2899,https://www.kimovil.com/en/where-to-buy-asus-zenfone-5z-zs620kl-va-8gb-256gb,274499
Xiaomi Mi Note 3,797,https://www.kimovil.com/en/where-to-buy-xiaomi-mi-note-3-128gb,139313
Huawei Mate 10 Pro,1812,https://www.kimovil.com/en/where-to-buy-huawei-mate-10-pro,213133
LG V30,1562,https://www.kimovil.com/en/where-to-buy-lg-v30-plus,160289
LG G6,1387,https://www.kimovil.com/en/where-to-buy-lg-g6eu-lgh870-dualsim,156293
Samsung Galaxy S8+,2386,https://www.kimovil.com/en/where-to-buy-samsung-galaxy-s8-plus-6gb-128gb,194971
Samsung Galaxy S7 Edge,1752,https://www.kimovil.com/en/where-to-buy-samsung-galaxy-s7-edge-eu,158313
Xiaomi Black Shark Helo,1768,https://www.kimovil.com/en/where-to-buy-xiaomi-black-shark-helo,275000
Xiaomi Black Shark Helo,1851,https://www.kimovil.com/en/where-to-buy-xiaomi-black-shark-helo-8gb,275000
Huawei Honor Magic 2,1785,https://www.kimovil.com/en/where-to-buy-huawei-honor-magic-2-8gb-tny-tl00,300886
Lenovo Z5 Pro,1157,https://www.kimovil.com/en/where-to-buy-lenovo-z5-pro-128gb,166380
Vivo NEX Dual Display,2682,https://www.kimovil.com/en/where-to-buy-vivo-nex-dual-display,245000
Lenovo Z5 Pro GT,2665,https://www.kimovil.com/en/where-to-buy-lenovo-z5-pro-gt-8gb-256gb,371273
UMIDIGI F1,699,https://www.kimovil.com/en/where-to-buy-umidigi-f1-global,134000
Meizu Note 9,747,https://www.kimovil.com/en/where-to-buy-meizu-note-9,178976
Redmi Note 7,1083,https://www.kimovil.com/en/where-to-buy-xiaomi-redmi-note-7-cn-128gb,144599
Vivo iQoo,1902,https://www.kimovil.com/en/where-to-buy-vivo-iqoo,361408
Xiaomi Mi8 Lite,678,https://www.kimovil.com/en/where-to-buy-xiaomi-mi8-lite,143942
Xiaomi Mi8 Lite,799,https://www.kimovil.com/en/where-to-buy-xiaomi-mi8-lite-6gb,143942
Xiaomi Mi8 Lite,977,https://www.kimovil.com/en/where-to-buy-xiaomi-mi8-lite6gb-128gb,143942
Ulefone Armor 3,912,https://www.kimovil.com/en/where-to-buy-ulefone-armor-3,83000
Nokia 8.1,1389,https://www.kimovil.com/en/where-to-buy-nokia-8-1,137866
Razer Phone 2,2435,https://www.kimovil.com/en/where-to-buy-razer-phone-2,275000
Huawei Mate 20,2738,https://www.kimovil.com/en/where-to-buy-huawei-mate-20-6gb-128gb-al00,313561
Huawei Honor Magic 2,1682,https://www.kimovil.com/en/where-to-buy-huawei-honor-magic-2,300886
Asus Zenfone 5,1019,https://www.kimovil.com/en/where-to-buy-asus-zenfone-5-ze620kl,136645
Meizu 15 Plus,1956,https://www.kimovil.com/en/where-to-buy-meizu-15-plus-6gb-128gb,184706
UMIDIGI Z2 Pro,776,https://www.kimovil.com/en/where-to-buy-umidigi-z2-pro,130000
Meizu 15 Plus,2212,https://www.kimovil.com/en/where-to-buy-meizu-15-plus-6gb-128gb-global,184706
Meizu Note 9,910,https://www.kimovil.com/en/where-to-buy-meizu-note-9m923h-4gb-128gb-global,178976
Huawei P30 Pro,4530,https://www.kimovil.com/en/where-to-buy-huawei-p30-pro-8gb-512gb-al00,309056
UMIDIGI A5 Pro,398,https://www.kimovil.com/en/where-to-buy-umidigi-a5-pro,82550
Asus ZenFone 6,2542,https://www.kimovil.com/en/where-to-buy-asus-zenfone-6eu-6gb-128gb,366412
Asus Zenfone 5z,2199,https://www.kimovil.com/en/where-to-buy-asus-zenfone-5z-zs620kl-va-4gb-64gb,274499
Samsung Galaxy Note 8,2159,https://www.kimovil.com/en/where-to-buy-samsung-galaxy-note-8-dual-sim,199868
Xiaomi Mi Note 3,788,https://www.kimovil.com/en/where-to-buy-xiaomi-mi-note-3,139313
OnePlus 5,1690,https://www.kimovil.com/en/where-to-buy-oneplus-5-a5000-plus,210069
Vivo NEX S,3414,https://www.kimovil.com/en/where-to-buy-vivo-nex-ultimate-8gb-256gb,291277
Asus Zenfone 5z,2422,https://www.kimovil.com/en/where-to-buy-asus-zenfone-5z-zs620kl-vc-6gb-128gb,274499
Ulefone Armor 3T,990,https://www.kimovil.com/en/where-to-buy-ulefone-armor-3t-antena,83000
Nubia X,1772,https://www.kimovil.com/en/where-to-buy-nubia-x-128gb,275000
Nubia Red Magic Mars,1874,https://www.kimovil.com/en/where-to-buy-nubia-red-magic-mars-8gb-128gb,320971
Oneplus 6T,3982,https://www.kimovil.com/en/where-to-buy-oneplus-6t-mclaren-eu,297132
Sony Xperia XZ3,2314,https://www.kimovil.com/en/where-to-buy-sony-xperia-xz3-h9493,260000
Vivo V15 Pro,1577,https://www.kimovil.com/en/where-to-buy-vivo-v15-pro,179327
Lenovo S5 Pro,629,https://www.kimovil.com/en/where-to-buy-lenovo-s5-pro-6gb-128gb,115000
Vivo iQOO,2251,https://www.kimovil.com/en/where-to-buy-vivo-iqoo-8gb-128gb,361408
Meizu Note 9,1125,https://www.kimovil.com/en/where-to-buy-meizu-note-9-128gb,178976
Google Pixel 3 XL,2951,https://www.kimovil.com/en/where-to-buy-google-pixel-3-xl,275000
Lenovo S5 Pro,647,https://www.kimovil.com/en/where-to-buy-lenovo-s5-pro,115000
Huawei Mate 20 PRO,3614,https://www.kimovil.com/en/where-to-buy-huawei-mate-20-pro-8gb-256gb-al10,313561
Sony Xperia XZ2 Premium,1992,https://www.kimovil.com/en/where-to-buy-sony-xperia-xz2-premium,265507
UMIDIGI Z2,523,https://www.kimovil.com/en/where-to-buy-umidigi-z2,83212
Nubia Z18,1743,https://www.kimovil.com/en/where-to-buy-nubia-z18-8gb-128gb,280085
Huawei Honor 10,983,https://www.kimovil.com/en/where-to-buy-huawei-honor-10-eu-128gb,213381
Vivo V15 Pro,1577,https://www.kimovil.com/en/where-to-buy-vivo-v15-pro-global,179327
Realme X Lite,1087,https://www.kimovil.com/en/where-to-buy-realme-x-lite-6gb-64gb,137500
LG G6,1352,https://www.kimovil.com/en/where-to-buy-lg-g6lgh870ds-128gb,156293
Asus ZenFone 4 ZE554KL,658,https://www.kimovil.com/en/where-to-buy-asus-zenfone-4-ze554kl-sd660,102356
Huawei Mate 10 Pro,3085,https://www.kimovil.com/en/where-to-buy-huawei-mate-10-pro-128gb,213133
Xiaomi Mi Note 3,871,https://www.kimovil.com/en/where-to-buy-xiaomi-mi-note-34gb-64gb,139313
LG G6,2999,https://www.kimovil.com/en/where-to-buy-lg-g6,156293
Xiaomi Mi6,1280,https://www.kimovil.com/en/where-to-buy-xiaomi-mi-6,205176
OnePlus 5,1287,https://www.kimovil.com/en/where-to-buy-oneplus-5,210069
Huawei Honor Play,910,https://www.kimovil.com/en/where-to-buy-huawei-honor-play-6gb,209437
Samsung Galaxy A8s,1182,https://www.kimovil.com/en/where-to-buy-samsung-galaxy-a8s,170000
Huawei nova 4,1304,https://www.kimovil.com/en/where-to-buy-huawei-nova-4,209500
Lenovo Z5s,745,https://www.kimovil.com/en/where-to-buy-lenovo-z5s,166232
Huawei Mate 20 PRO,3881,https://www.kimovil.com/en/where-to-buy-huawei-mate-20-pro-256gb-l29,313561
UMIDIGI Z2,621,https://www.kimovil.com/en/where-to-buy-umidigi-z2-special-edition,81542
Asus Zenfone 5,1236,https://www.kimovil.com/en/where-to-buy-asus-zenfone-5-ze620kl-vc,136645
Sony Xperia XZ3,4112,https://www.kimovil.com/en/where-to-buy-sony-xperia-xz3,260000
Nubia X,1851,https://www.kimovil.com/en/where-to-buy-nubia-x,275000
Google Pixel 3 XL,3476,https://www.kimovil.com/en/where-to-buy-google-pixel-3-xl-128gb,275000
Xiaomi Mi Max 3,889,https://www.kimovil.com/en/where-to-buy-xiaomi-mi-max-3global-4gb-64gb-cn,118397
Asus ZenFone 4 Pro,1842,https://www.kimovil.com/en/where-to-buy-asus-zenfone-4-pro,175256
Xiaomi Mi Max 3,893,https://www.kimovil.com/en/where-to-buy-xiaomi-mi-max-3,118397
Meizu 15 Plus,1739,https://www.kimovil.com/en/where-to-buy-meizu-15-plus,184706
Xiaomi Redmi Note 5,599,https://www.kimovil.com/en/where-to-buy-xiaomi-redmi-note-5-6gb-64gb,116663
Asus ZenFone 4 ZE554KL,709,https://www.kimovil.com/en/where-to-buy-asus-zenfone-4-ze554kl-cn-sd660,102356
Asus ZenFone 4 ZE554KL,544,https://www.kimovil.com/en/where-to-buy-asus-zenfone-4-ze554kl-tw-sd630-2,71200
Huawei Honor 10,1083,https://www.kimovil.com/en/where-to-buy-huawei-honor-10,213381
Huawei Honor 10,1284,https://www.kimovil.com/en/where-to-buy-huawei-honor-10-eu-64gb,213381
Samsung Galaxy A70,1353,https://www.kimovil.com/en/where-to-buy-samsung-galaxy-a70,170979
Ulefone Armor 6E,775,https://www.kimovil.com/en/where-to-buy-ulefone-armor-6e,137000
Realme X Lite,1009,https://www.kimovil.com/en/where-to-buy-realme-x-lite,137500
Realme X Lite,1242,https://www.kimovil.com/en/where-to-buy-realme-x-lite-6gb-128gb,137500
Wiko View 3 pro,986,https://www.kimovil.com/en/where-to-buy-wiko-view-3-pro-4gb-64gb,142153
Asus Zenfone 5z,2443,https://www.kimovil.com/en/where-to-buy-asus-zenfone-5z-zs620kl-va-6gb-128gb,274499
Asus ZenFone 4 ZE554KL,543,https://www.kimovil.com/en/where-to-buy-asus-zenfone-4-ze554kl,71200
Samsung Galaxy Note 8,2564,https://www.kimovil.com/en/where-to-buy-samsung-galaxy-note-8n-950fd-dual-sim-128gb,199868
Oppo R11s Plus,1222,https://www.kimovil.com/en/where-to-buy-oppo-r11s-plus,137883
HTC U11+,1875,https://www.kimovil.com/en/where-to-buy-htc-u11-plus,180000
Smartisan Nut Pro 2,881,https://www.kimovil.com/en/where-to-buy-smartisan-nut-pro-2-4gb-64gb,142195
Smartisan Nut Pro 2,1014,https://www.kimovil.com/en/where-to-buy-smartisan-nut-pro-2-6gb-64gb,142195
Xiaomi Mi6,1373,https://www.kimovil.com/en/where-to-buy-xiaomi-mi6-4gb-64gb,205176
Vivo NEX,2331,https://www.kimovil.com/en/where-to-buy-vivo-nex,167006
Huawei Honor Note 10,1213,https://www.kimovil.com/en/where-to-buy-huawei-honor-note-10,207590
Huawei Honor Note 10,1209,https://www.kimovil.com/en/where-to-buy-huawei-honor-note-10-6gb-128gb-al00,207590
Google Pixel XL,760,https://www.kimovil.com/en/where-to-buy-google-pixel-xl,145387
Google Pixel XL,1439,https://www.kimovil.com/en/where-to-buy-google-pixel-xl128gb,145387
Xiaomi Mi Note 2,721,https://www.kimovil.com/en/where-to-buy-xiaomi-mi-note-2,164904
Huawei Mate 9,1825,https://www.kimovil.com/en/where-to-buy-huawei-mate-9-al00-4gb-64gb,171653
Meizu Note 8,524,https://www.kimovil.com/en/where-to-buy-meizu-note-8-global,102354
Huawei Honor Magic 2,3532,https://www.kimovil.com/en/where-to-buy-huawei-honor-magic-2-8gb-256gb-tny-tl00,300886
Lenovo Z5s,851,https://www.kimovil.com/en/where-to-buy-lenovo-z5s-6gb-64gb,166232
Oppo RX17 Pro,2347,https://www.kimovil.com/en/where-to-buy-oppo-rx17-pro,170000
Vivo iQoo,2794,https://www.kimovil.com/en/where-to-buy-vivo-iqoo-8gb-256gb,361408
Blackview BV9500,1335,https://www.kimovil.com/en/where-to-buy-blackview-bv9500-pro,85451
Huawei Honor Play,953,https://www.kimovil.com/en/where-to-buy-huawei-honor-play-l29,209437
Asus Zenfone 5,1699,https://www.kimovil.com/en/where-to-buy-asus-zenfone-5-ze620kl-vb-4gb-128gb,136645
Samsung Galaxy A9 (2018),1491,https://www.kimovil.com/en/where-to-buy-samsung-galaxy-a9-2018,142346
Huawei Honor 8x,713,https://www.kimovil.com/en/where-to-buy-huawei-honor-8x-l29,139427
Xiaomi Mi Max 3,1129,https://www.kimovil.com/en/where-to-buy-xiaomi-mi-max-3-6gb-128gb,118397
Xiaomi Redmi Note 5,578,https://www.kimovil.com/en/where-to-buy-xiaomi-redmi-note-5-4gb-64gb,116663
Nokia 7 Plus,839,https://www.kimovil.com/en/where-to-buy-nokia-7-plus,141701
Xiaomi Redmi Note 5,591,https://www.kimovil.com/en/where-to-buy-xiaomi-redmi-note-5-global-64gb,116663
Nokia 7 Plus,1107,https://www.kimovil.com/en/where-to-buy-nokia-7-plus-global,141701
Xiaomi Redmi Note 5,540,https://www.kimovil.com/en/where-to-buy-xiaomi-redmi-note-5-32gb,116663
Huawei P20,1678,https://www.kimovil.com/en/where-to-buy-huawei-p20-6gb-64gb,213000
Huawei P20 Pro,3522,https://www.kimovil.com/en/where-to-buy-huawei-p20-pro-al00-6gb-256gb,211123
Asus ZenFone 4 ZE554KL,680,https://www.kimovil.com/en/where-to-buy-asus-zenfone-4-ze554kl-cn,71200
Asus ZenFone 4 ZE554KL,967,https://www.kimovil.com/en/where-to-buy-asus-zenfone-4-ze554kl-tw-sd660,102356
Nubia Z18 Mini,890,https://www.kimovil.com/en/where-to-buy-nubia-z18-mini,145348
Xiaomi Black Shark,1374,https://www.kimovil.com/en/where-to-buy-xiaomi-black-shark,294520
Huawei Honor 10,1287,https://www.kimovil.com/en/where-to-buy-huawei-honor-10-6gb-128gb,213381
Nubia Red Magic,1441,https://www.kimovil.com/en/where-to-buy-nubia-red-magic-8gb-128gb,214580
Lenovo Z5,583,https://www.kimovil.com/en/where-to-buy-lenovo-z5,115000
Huawei P30 Lite,1397,https://www.kimovil.com/en/where-to-buy-huawei-p30-lite-6gb,138500
Oppo Reno,2484,https://www.kimovil.com/en/where-to-buy-oppo-reno-pacm00-6gb-128gb,137500
Lenovo Z5s,768,https://www.kimovil.com/en/where-to-buy-lenovo-z5s-global,166232
Samsung Galaxy A70,1518,https://www.kimovil.com/en/where-to-buy-samsung-galaxy-a70-8gb,170979
Wiko View 3 pro,1045,https://www.kimovil.com/en/where-to-buy-wiko-view-3-pro-3gb-32gb,142153
Xiaomi Redmi Note 5,486,https://www.kimovil.com/en/where-to-buy-xiaomi-redmi-note-5,116663
Samsung Galaxy Note 8,2575,https://www.kimovil.com/en/where-to-buy-samsung-galaxy-note-8n-950fd-dual-sim-256gb,199868
Asus ZenFone 3 Zoom ZE553KL,699,https://www.kimovil.com/en/where-to-buy-asus-zenfone-3-zoom-ze553kl,62000
Huawei P10 Plus,2600,https://www.kimovil.com/en/where-to-buy-huawei-p10-plus-128gb,164835
Xiaomi Mi6,1739,https://www.kimovil.com/en/where-to-buy-xiaomi-mi-6-6gb-128gb,205176
Samsung Galaxy A9 Star,925,https://www.kimovil.com/en/where-to-buy-samsung-galaxy-a9-star,104000
Lenovo Z5,587,https://www.kimovil.com/en/where-to-buy-lenovo-z5-128gb,115000
Huawei Nova 3,1355,https://www.kimovil.com/en/where-to-buy-huawei-nova-3,213380
Blackview BV9500,995,https://www.kimovil.com/en/where-to-buy-blackview-bv9500,85451
Xiaomi Redmi Note 5,1249,https://www.kimovil.com/en/where-to-buy-xiaomi-redmi-note-5-6gb-128gb,116663
Huawei Honor 10,1225,https://www.kimovil.com/en/where-to-buy-huawei-honor-10-4gb-128gb,213381
Huawei Mate 9,2103,https://www.kimovil.com/en/where-to-buy-huawei-mate-9,171653
Huawei Mate 9,1738,https://www.kimovil.com/en/where-to-buy-huawei-mate-9-4gb-32gb,171653
Samsung Galaxy S7 Edge,1882,https://www.kimovil.com/en/where-to-buy-samsung-galaxy-s7-edge-dual-128gb,158313
Huawei Mate 8,1639,https://www.kimovil.com/en/where-to-buy-huawei-mate-8al10-4gb-64gb,126546
Meizu Note 8,517,https://www.kimovil.com/en/where-to-buy-meizu-note-8,102354
Oppo RX17 Neo,1417,https://www.kimovil.com/en/where-to-buy-oppo-r17-neo,141000
UMIDIGI One Max,660,https://www.kimovil.com/en/where-to-buy-umidigi-one-max,81563
Meizu Note 8,516,https://www.kimovil.com/en/where-to-buy-meizu-note-8-m822q-32gb,102354
Huawei P Smart 2019,886,https://www.kimovil.com/en/where-to-buy-huawei-p-smart-2019,138500
Huawei Honor 10 Lite,674,https://www.kimovil.com/en/where-to-buy-huawei-honor-10-lite-l29,138500
Asus ZenFone Max Pro (M2),1324,https://www.kimovil.com/en/where-to-buy-asus-zenfone-max-pro-m2-zb631kl-6gb-64gb,143000
Vivo iQOO,3338,https://www.kimovil.com/en/where-to-buy-vivo-iqoo-12gb-256gb,361408
Huawei Honor 10 Lite,662,https://www.kimovil.com/en/where-to-buy-huawei-honor-10-lite-lx1-3gb-32gb,138500
Huawei Honor 8x,666,https://www.kimovil.com/en/where-to-buy-huawei-8x,139427
Vivo V11,1380,https://www.kimovil.com/en/where-to-buy-vivo-v11,134000
Huawei Honor 8x,1002,https://www.kimovil.com/en/where-to-buy-huawei-honor-8x-6gb-64gb-al00,139427
Huawei Honor 8x,1004,https://www.kimovil.com/en/where-to-buy-huawei-honor-8x-6gb-128gb-al00,139427
Xiaomi Black Shark,2212,https://www.kimovil.com/en/where-to-buy-xiaomi-black-shark8gb-128gb-global,294520
Xiaomi Black Shark,1525,https://www.kimovil.com/en/where-to-buy-xiaomi-black-shark6gb-64gb-global,294520
Huawei Honor 8x,931,https://www.kimovil.com/en/where-to-buy-huawei-honor-8x-l21-128gb,139427
Oppo K1,1125,https://www.kimovil.com/en/where-to-buy-oppo-k1,140000
Meizu E3,877,https://www.kimovil.com/en/where-to-buy-meizu-e3,112478
Huawei Honor V10,1397,https://www.kimovil.com/en/where-to-buy-huawei-honor-v10-al20-4gb-128gb,213381
Asus ZenFone 4 ZE554KL,819,https://www.kimovil.com/en/where-to-buy-asus-zenfone-4-ze554kl-ww-sd660,102356
Xiaomi Black Shark,1945,https://www.kimovil.com/en/where-to-buy-xiaomi-black-shark-128gb,294520
Asus ZenFone Max Pro (M1),889,https://www.kimovil.com/en/where-to-buy-asus-zenfone-max-pro-m1,116618
Nubia Z18 Mini,1034,https://www.kimovil.com/en/where-to-buy-nubia-z18-mini-6gb-128gb,145348
Samsung Galaxy A50,1367,https://www.kimovil.com/en/where-to-buy-samsung-galaxy-a50-6gb-128gb-a505fd,146355
Huawei P30 Lite,1262,https://www.kimovil.com/en/where-to-buy-huawei-p30-lite,138500
Huawei Honor 8x,828,https://www.kimovil.com/en/where-to-buy-huawei-honor-8x-l22,139427
Lenovo Z5s,944,https://www.kimovil.com/en/where-to-buy-lenovo-z5s-global-6gb-64gb,166232
Oppo Reno,2717,https://www.kimovil.com/en/where-to-buy-oppo-reno-256gb,137500
Huawei Honor 20i,945,https://www.kimovil.com/en/where-to-buy-huawei-honor-20i,138500
Motorola One Vision,1699,https://www.kimovil.com/en/where-to-buy-motorola-moto-one-vision,142000
Huawei P30,4340,https://www.kimovil.com/en/where-to-buy-huawei-p30-8gb-256gb-l29,309056
Lenovo Z6 Youth Edition,701,https://www.kimovil.com/en/where-to-buy-lenovo-z6-youth-edition,137500
Smartisan Nut Pro 2,1269,https://www.kimovil.com/en/where-to-buy-smartisan-nut-pro-2,142195
Huawei Nova 2s,838,https://www.kimovil.com/en/where-to-buy-huawei-nova-2s,184865
LeEco Le Max 3,714,https://www.kimovil.com/en/where-to-buy-leeco-le-max-3,173165
Huawei P10 Plus,4055,https://www.kimovil.com/en/where-to-buy-huawei-p10-plus-4gb-64gb,164835
Xiaomi Mi Mix,1822,https://www.kimovil.com/en/where-to-buy-xiaomi-mi-mix-exclusive-edition,157865
Huawei Mate 9,2087,https://www.kimovil.com/en/where-to-buy-huawei-mate-9-al00-6gb-128gb,171653
Huawei Mate 9 Pro,1826,https://www.kimovil.com/en/where-to-buy-huawei-mate-9-pro,171653
OnePlus 3T,1658,https://www.kimovil.com/en/where-to-buy-oneplus-3t6gb-128gb-cn,178642
Meizu Pro 6 Plus,745,https://www.kimovil.com/en/where-to-buy-meizu-pro-6-plus,135719
Sony Xperia Z5 Premium,1617,https://www.kimovil.com/en/where-to-buy-sony-xperia-z5-premium-dualsim,82496
Huawei Enjoy Max,851,https://www.kimovil.com/en/where-to-buy-huawei-enjoy-max-ars-tl00-4gb-64gb,143000
Lenovo K5 Pro,663,https://www.kimovil.com/en/where-to-buy-lenovo-k5-pro-6gb-128gb,115000
Lenovo K5 Pro,554,https://www.kimovil.com/en/where-to-buy-lenovo-k5-pro-6gb-64gb,115000
Poptel P60,1025,https://www.kimovil.com/en/where-to-buy-poptel-p60,81255
Huawei Honor 10 Lite,918,https://www.kimovil.com/en/where-to-buy-huawei-honor-10-lite,138500
Leagoo S10,1084,https://www.kimovil.com/en/where-to-buy-leagoo-s10,134000
Lenovo S5 Pro GT,939,https://www.kimovil.com/en/where-to-buy-lenovo-s5-pro-gt,140000
Lenovo S5 Pro GT,1021,https://www.kimovil.com/en/where-to-buy-lenovo-s5-pro-gt-6gb,140000
Sony Xperia XA2 Plus,1091,https://www.kimovil.com/en/where-to-buy-sony-xperia-xa2-plus6gb-64gb,71200
Ulefone Armor 6,1156,https://www.kimovil.com/en/where-to-buy-ulefone-armor-6,132000
Asus ZenFone Max (M2),999,https://www.kimovil.com/en/where-to-buy-asus-zenfone-max-m2,104300
Huawei Honor 8x,970,https://www.kimovil.com/en/where-to-buy-huawei-honor-8x4gb-128gb-al00,139427
Huawei Honor 10 Lite,797,https://www.kimovil.com/en/where-to-buy-huawei-honor-10-lite-al00-3gb-32gb,138500
Asus ZenFone Max (M2),999,https://www.kimovil.com/en/where-to-buy-asus-zenfone-max-m2-4gb-32gb-zb633kl,104300
Samsung Galaxy A30,939,https://www.kimovil.com/en/where-to-buy-samsung-galaxy-a30,107452
Samsung Galaxy A50,1777,https://www.kimovil.com/en/where-to-buy-samsung-galaxy-a50-a505fd-64gb,146355
Samsung Galaxy A50,1276,https://www.kimovil.com/en/where-to-buy-samsung-galaxy-a50,146355
Huawei Honor 8x Max,756,https://www.kimovil.com/en/where-to-buy-huawei-honor-8x-max,115112
Asus ZenFone 3 Zoom ZE553KL,1000,https://www.kimovil.com/en/where-to-buy-asus-zenfone-3-zoom-ze553kl32gb,62000
AGM X3,1935,https://www.kimovil.com/en/where-to-buy-agm-x3,270000
Huawei Enjoy 9 Plus,925,https://www.kimovil.com/en/where-to-buy-huawei-enjoy-9-plus,138500
Doogee S80 Lite,924,https://www.kimovil.com/en/where-to-buy-doogee-s80-lite,93456
Lenovo K5 Pro,512,https://www.kimovil.com/en/where-to-buy-lenovo-k5-pro,115000
Huawei Honor V10,1324,https://www.kimovil.com/en/where-to-buy-huawei-honor-v10-6gb-128gb-l09,213381
Ulefone Power 5,893,https://www.kimovil.com/en/where-to-buy-ulefone-power5,77725
Nubia Red Magic,1339,https://www.kimovil.com/en/where-to-buy-nubia-red-magic,170000
Asus ZenFone Max Pro (M1),693,https://www.kimovil.com/en/where-to-buy-asus-zenfone-max-pro-m1-4gb-64gb,116618
Vivo X27,2717,https://www.kimovil.com/en/where-to-buy-vivo-x27-256gb,174000
Huawei Honor 8x,1107,https://www.kimovil.com/en/where-to-buy-huawei-honor-8x-4gb-128gb-l22,139427
Huawei P Smart+ 2019,1107,https://www.kimovil.com/en/where-to-buy-huawei-p-smart-plus-2019,138500
Oppo Reno,2950,https://www.kimovil.com/en/where-to-buy-oppo-reno-8gb-256gb,137500
Samsung Galaxy A40s,799,https://www.kimovil.com/en/where-to-buy-samsung-galaxy-a40s,109452
Asus ZenFone Max Pro (M1),731,https://www.kimovil.com/en/where-to-buy-asus-zenfone-max-pro-m1-va-6gb-64gb,116618
Lenovo Z6 Youth Edition,1048,https://www.kimovil.com/en/where-to-buy-lenovo-z6-youth-edition-cn-6gb-64gb,137500
Meizu Pro 7 Plus,819,https://www.kimovil.com/en/where-to-buy-meizu-pro-7-plus,149972
Huawei Honor V10,1142,https://www.kimovil.com/en/where-to-buy-huawei-honor-v10,213381
Huawei Honor V10,1370,https://www.kimovil.com/en/where-to-buy-huawei-honor-v10-6gb-64gb,213381
Huawei Honor V10,1478,https://www.kimovil.com/en/where-to-buy-huawei-honor-v10-6gb-128gb,213381
Asus ZenFone 3 Zoom ZE553KL,1536,https://www.kimovil.com/en/where-to-buy-asus-zenfone-3-zoom-ze553kl-128,78781
Huawei P10 Plus,1772,https://www.kimovil.com/en/where-to-buy-huawei-p10-plus,164835
LeEco Le 3 Pro,466,https://www.kimovil.com/en/where-to-buy-leeco-le-3-pro,97000
Huawei P10 Plus,2319,https://www.kimovil.com/en/where-to-buy-huawei-p10-plus-l29,164835
Xiaomi Mi6,2090,https://www.kimovil.com/en/where-to-buy-xiaomi-mi-6-exclusive-edition,205176
Huawei Honor Play,1196,https://www.kimovil.com/en/where-to-buy-huawei-honor-play,209437
Xiaomi Mi A2 Lite,523,https://www.kimovil.com/en/where-to-buy-xiaomi-mi-a2-lite,76500
Xiaomi Mi A2 Lite,575,https://www.kimovil.com/en/where-to-buy-xiaomi-mi-a2-lite-4gb-64gb,76500
Xiaomi Mi A2 Lite,579,https://www.kimovil.com/en/where-to-buy-xiaomi-mi-a2-lite-4gb-32gb,76500
Huawei Mate 20 Lite,970,https://www.kimovil.com/en/where-to-buy-huawei-mate-20-lite,138000
Huawei Honor Note 10,1894,https://www.kimovil.com/en/where-to-buy-huawei-honor-note-10-8gb-128gb-al09,207590
Huawei Honor Play,1118,https://www.kimovil.com/en/where-to-buy-huawei-honor-play-india,209437
Xiaomi Mi5s Plus,1059,https://www.kimovil.com/en/where-to-buy-xiaomi-mi5s-plus,165110
Huawei Mate 9 Pro,2065,https://www.kimovil.com/en/where-to-buy-huawei-mate-9-pro-6gb-128gb,171653
Huawei Enjoy 9 Plus,1004,https://www.kimovil.com/en/where-to-buy-huawei-enjoy-9-plus-al00-4gb-128gb-enjoy-9-plus,138500
Asus ROG Phone,4177,https://www.kimovil.com/en/where-to-buy-asus-rog-phone-128gb,304183
AGM X3,2237,https://www.kimovil.com/en/where-to-buy-agm-x3-8gb-64gb,270000
Huawei Honor Play,1402,https://www.kimovil.com/en/where-to-buy-huawei-honor-play-6gb-128gb-al10,209437
Blackview BV9600,1345,https://www.kimovil.com/en/where-to-buy-blackview-bv9600-pro,131000
Huawei Honor 10 Lite,1290,https://www.kimovil.com/en/where-to-buy-huawei-honor-10-lite-al00-6gb-64gb,138500
Lenovo Z5s,1541,https://www.kimovil.com/en/where-to-buy-lenovo-z5s-128gb,166232
Samsung Galaxy M20,970,https://www.kimovil.com/en/where-to-buy-samsung-galaxy-m20,109452
Samsung Galaxy M20,886,https://www.kimovil.com/en/where-to-buy-samsung-galaxy-m20-sm-m205f-3gb-32gb,109452
Huawei Honor 8x Max,932,https://www.kimovil.com/en/where-to-buy-huawei-honor-8x-max-4gb-128gb-al00,115112
Huawei Honor 8x Max,936,https://www.kimovil.com/en/where-to-buy-huawei-honor-8x-max-6gb-64gb-al00,109005
Huawei Maimang 7,859,https://www.kimovil.com/en/where-to-buy-huawei-maimang-7,138000
Ulefone Power 5,733,https://www.kimovil.com/en/where-to-buy-ulefone-power-5s,77725
Asus ZenFone 4 ZE554KL,999,https://www.kimovil.com/en/where-to-buy-asus-zenfone-4-ze554k-br,71200
Asus ZenFone Max Pro (M1),809,https://www.kimovil.com/en/where-to-buy-asus-zenfone-max-pro-m1-am,116618
Huawei Enjoy Max,920,https://www.kimovil.com/en/where-to-buy-huawei-enjoy-max,143000
Doogee S80,1130,https://www.kimovil.com/en/where-to-buy-doogee-s80,93456
Ulefone Power 3S,466,https://www.kimovil.com/en/where-to-buy-ulefone-power-3s,76756
Meizu E3,1226,https://www.kimovil.com/en/where-to-buy-meizu-e3-128gb,112478
Huawei P20,2212,https://www.kimovil.com/en/where-to-buy-huawei-p20-6gb-128gb-al00,213000
Vernee V2 Pro,739,https://www.kimovil.com/en/where-to-buy-vernee-v2-pro,58000
Vivo V15,1380,https://www.kimovil.com/en/where-to-buy-vivo-v15-global-128gb,145617
Lenovo Z6 Youth Edition,1281,https://www.kimovil.com/en/where-to-buy-lenovo-z6-youth-edition-cn-6gb-128gb,137500
Vivo X20 Plus,1336,https://www.kimovil.com/en/where-to-buy-vivo-x20-plus,142418
Razer Phone,2527,https://www.kimovil.com/en/where-to-buy-razer-phone,179377
Xiaomi Redmi 6 Pro,650,https://www.kimovil.com/en/where-to-buy-xiaomi-redmi-6-pro,89000
Xiaomi Redmi 6 Pro,630,https://www.kimovil.com/en/where-to-buy-xiaomi-redmi-6-pro-4gb-64gb,89000
Oppo R15 Pro,1900,https://www.kimovil.com/en/where-to-buy-oppo-r15-pro-global,146527
Umidigi One,486,https://www.kimovil.com/en/where-to-buy-umidigi-one-4gb-32gb,81563
Huawei Mate 8,2391,https://www.kimovil.com/en/where-to-buy-huawei-mate-8-al10-4gb-128gb,126546
Samsung Galaxy M30,1155,https://www.kimovil.com/en/where-to-buy-samsung-galaxy-m30,107452
Motorola Moto G7 Power,1399,https://www.kimovil.com/en/where-to-buy-motorola-moto-g7-power-eu,108237
HTC U12 Life,1008,https://www.kimovil.com/en/where-to-buy-htc-u12-life,115000
Motorola P30 Note,748,https://www.kimovil.com/en/where-to-buy-motorola-p30-note,115000
Blackview BV6800 Pro,705,https://www.kimovil.com/en/where-to-buy-blackview-bv6800-pro,54232
AGM X3,2424,https://www.kimovil.com/en/where-to-buy-agm-x3-8gb-128gb,270000
Huawei Y9 (2019),772,https://www.kimovil.com/en/where-to-buy-huawei-y9-2019,138500
Vernee M8 Pro,827,https://www.kimovil.com/en/where-to-buy-vernee-m8-pro,140000
Vernee X,397,https://www.kimovil.com/en/where-to-buy-vernee-x-4gb,79852
HTC U11 EYEs,1196,https://www.kimovil.com/en/where-to-buy-htc-u11-eyes,85422
Oppo R15,1797,https://www.kimovil.com/en/where-to-buy-oppo-r15-netcom-edition,140161
Vernee X1,537,https://www.kimovil.com/en/where-to-buy-vernee-x1,79852
Xiaomi Redmi 7,478,https://www.kimovil.com/en/where-to-buy-xiaomi-redmi-7-global-32gb,104862
Xiaomi Redmi 7,513,https://www.kimovil.com/en/where-to-buy-xiaomi-redmi-7-global-64gb,104862
Xiaomi Redmi 7,484,https://www.kimovil.com/en/where-to-buy-xiaomi-redmi-7-cn-3gb-32gb,104862
Xiaomi Redmi 7,536,https://www.kimovil.com/en/where-to-buy-xiaomi-redmi-7-cn-3gb-64gb,104862
Xiaomi Redmi 7,542,https://www.kimovil.com/en/where-to-buy-xiaomi-redmi-7cn-4gb-64gb,104862
Motorola P30 Note,854,https://www.kimovil.com/en/where-to-buy-motorola-one-power-cn-6gb-64gb,115000
Samsung Galaxy A20,1169,https://www.kimovil.com/en/where-to-buy-samsung-galaxy-a20,88710
Meizu M6 Note,465,https://www.kimovil.com/en/where-to-buy-meizu-m6-note3gb-32gb,75254
Meizu M6 Note,469,https://www.kimovil.com/en/where-to-buy-meizu-m6-note-3gb-32gb-eu,75254
Vernee X,597,https://www.kimovil.com/en/where-to-buy-vernee-x,79852
Xiaomi Mi Max 2,806,https://www.kimovil.com/en/where-to-buy-xiaomi-mi-max-2-4gb-128gb,77231
Nubia M2,621,https://www.kimovil.com/en/where-to-buy-nubia-m2,76000
Xiaomi Mi Max 2,699,https://www.kimovil.com/en/where-to-buy-xiaomi-mi-max-2,77231
Xiaomi Black Shark,2166,https://www.kimovil.com/en/where-to-buy-xiaomi-black-shark8gb-256gb,294520
Xiaomi Redmi 6 Pro,613,https://www.kimovil.com/en/where-to-buy-xiaomi-redmi-6-pro-4gb,89000
Xiaomi Mi5s Plus,1577,https://www.kimovil.com/en/where-to-buy-xiaomi-mi5s-plus-6gb-128gb,165110
OnePlus 3T,2030,https://www.kimovil.com/en/where-to-buy-oneplus-3t6gb-64gb-eu,178642
ZUK Z2,693,https://www.kimovil.com/en/where-to-buy-zuk-z2-4gb-64gb,164168
Leeco Cool1,456,https://www.kimovil.com/en/where-to-buy-leeco-letv-cool1-4GB-32GB,77000
AGM X3,2655,https://www.kimovil.com/en/where-to-buy-agm-x3-8gb-256gb,270000
Vivo X23,2018,https://www.kimovil.com/en/where-to-buy-vivo-x23-symphony-edition,134000
Huawei Honor 10 Lite,1362,https://www.kimovil.com/en/where-to-buy-huawei-honor-10-lite-al00-6gb-128gb,138500
Doogee S90,1164,https://www.kimovil.com/en/where-to-buy-doogee-s90,134000
Motorola Moto G7 Power,1075,https://www.kimovil.com/en/where-to-buy-motorola-moto-g7-power,108237
Nokia 3.1 Plus,602,https://www.kimovil.com/en/where-to-buy-nokia-3-1-plus-global,75300
Ulefone Armor 5,621,https://www.kimovil.com/en/where-to-buy-ulefone-armor-5,62000
Doogee S70,962,https://www.kimovil.com/en/where-to-buy-doogee-s70,81000
Vivo X23,2084,https://www.kimovil.com/en/where-to-buy-vivo-x23,146632
Oppo R17,1863,https://www.kimovil.com/en/where-to-buy-oppo-r17-6gb-128gb,175000
Asus ZenFone 4 ZE554KL,1499,https://www.kimovil.com/en/where-to-buy-asus-zenfone-4-ze554klbr-sd660-64gb,132356
Cubot King Kong 3,779,https://www.kimovil.com/en/where-to-buy-cubot-king-kong-3,92982
Meiigoo S9,578,https://www.kimovil.com/en/where-to-buy-meiigoo-s9,55549
Huawei Honor 8C,500,https://www.kimovil.com/en/where-to-buy-huawei-honor-8c,104213
UMiDIGI S2 Lite,620,https://www.kimovil.com/en/where-to-buy-umidigi-s2-lite,56657
Cubot X18 Plus,546,https://www.kimovil.com/en/where-to-buy-cubot-x18-plus,55401
Oppo R15,2076,https://www.kimovil.com/en/where-to-buy-oppo-r15,140161
Leagoo S9,325,https://www.kimovil.com/en/where-to-buy-leagoo-s9,41500
Blackview P10000 Pro,737,https://www.kimovil.com/en/where-to-buy-blackview-p10000-pro,58959
Allcall Mix 2,697,https://www.kimovil.com/en/where-to-buy-allcall-mix2,79565
Bluboo S3,551,https://www.kimovil.com/en/where-to-buy-bluboo-s3,41500
360 N7,1359,https://www.kimovil.com/en/where-to-buy-360-n7,103000
Cubot Quest,552,https://www.kimovil.com/en/where-to-buy-cubot-quest,75450
Ulefone T1,504,https://www.kimovil.com/en/where-to-buy-ulefone-t1,66522
Meizu M6 Note,814,https://www.kimovil.com/en/where-to-buy-meizu-m6-note4gb-64gb,75254
Doogee Mix 2,584,https://www.kimovil.com/en/where-to-buy-doogee-mix-2,65021
Ulefone Mix,408,https://www.kimovil.com/en/where-to-buy-ulefone-mix,41568
Vernee Mix 2,357,https://www.kimovil.com/en/where-to-buy-vernee-mix-2,61526
Doogee Mix 2,536,https://www.kimovil.com/en/where-to-buy-doogee-mix-2-64gb,65021
Bluboo S8+,528,https://www.kimovil.com/en/where-to-buy-bluboo-s8-plus,41000
Ulefone Power 3,845,https://www.kimovil.com/en/where-to-buy-ulefone-power-3,76756
Huawei Nova 2s,1717,https://www.kimovil.com/en/where-to-buy-huawei-nova-2s-6gb-64gb,184865
Blackview P6000,498,https://www.kimovil.com/en/where-to-buy-blackview-p6000,62500
Meizu M6 Note,839,https://www.kimovil.com/en/where-to-buy-meizu-m6-note-4gb-64gb-eu,75254
ZTE Axon 7s,744,https://www.kimovil.com/en/where-to-buy-zte-axon-7s,130703
Xiaomi Redmi Note 4,528,https://www.kimovil.com/en/where-to-buy-xiaomi-redmi-note-4-global-3gb-32gb,75984
Nokia 9 Pureview,3687,https://www.kimovil.com/en/where-to-buy-nokia-9,240000
BlackBerry KEYone,1076,https://www.kimovil.com/en/where-to-buy-blackberry-keyone,61000
Moto Z Play,630,https://www.kimovil.com/en/where-to-buy-lenovo-moto-z-play-64gb,59600
Asus ZenFone 5 Selfie Pro,749,https://www.kimovil.com/en/where-to-buy-asus-zenfone-5-selfie-pro,71200
Nokia 3.1 Plus,453,https://www.kimovil.com/en/where-to-buy-nokia-3-1-plus-3gb-32gb-ta-1118,75300
Oppo R17,2096,https://www.kimovil.com/en/where-to-buy-oppo-r17,175000
Leagoo XRover,744,https://www.kimovil.com/en/where-to-buy-leagoo-xrover,81500
Asus ZenFone 5 Lite,792,https://www.kimovil.com/en/where-to-buy-asus-zenfone-5-lites430-4gb64gb-va,38000
Asus ZenFone 4 ZE554KL,1900,https://www.kimovil.com/en/where-to-buy-asus-zenfone-4-ze554klglobal-sd660-128gb,132356
Samsung Galaxy A7 (2018),1279,https://www.kimovil.com/en/where-to-buy-samsung-galaxy-a7-2018,116370
UMIDIGI A3 Pro,310,https://www.kimovil.com/en/where-to-buy-umidigi-a3-pro,33189
Samsung Galaxy A6s,684,https://www.kimovil.com/en/where-to-buy-samsung-galaxy-a6s,136370
Samsung Galaxy A7 (2018),1079,https://www.kimovil.com/en/where-to-buy-samsung-galaxy-a7-2018-a750f-128gb,116370
Huawei Honor 8C,669,https://www.kimovil.com/en/where-to-buy-huawei-honor-8c-64gb,104235
Thl Knight 2,627,https://www.kimovil.com/en/where-to-buy-thl-knight-2,52229
Samsung Galaxy A8+ (2018),1564,https://www.kimovil.com/en/where-to-buy-samsung-galaxy-a8-plus-2018,116376
Nubia N3,709,https://www.kimovil.com/en/where-to-buy-nubia-n3,62500
Asus ZenFone 4 ZE554KL,2093,https://www.kimovil.com/en/where-to-buy-asus-zenfone-4-ze554k-ww-sd630,71200
Oppo A3,1046,https://www.kimovil.com/en/where-to-buy-oppo-a3-padt00,140161
Doogee BL9000,656,https://www.kimovil.com/en/where-to-buy-doogee-bl9000,57600
Cubot Max 2,552,https://www.kimovil.com/en/where-to-buy-cubot-max-2,75645
Meizu Pro 7 Plus,1514,https://www.kimovil.com/en/where-to-buy-meizu-pro-7-plu-128gb,149972
UMiDIGI S2 Pro,710,https://www.kimovil.com/en/where-to-buy-umidigi-s2-pro,61566
Ulefone T1,737,https://www.kimovil.com/en/where-to-buy-ulefone-t1-128gb,66522
BlackBerry KEYone,1169,https://www.kimovil.com/en/where-to-buy-blackberry-keyone-64gb,61000
Vernee Mix 2,592,https://www.kimovil.com/en/where-to-buy-vernee-mix-2-6gb,61545
LG G6,2259,https://www.kimovil.com/en/where-to-buy-lg-g6-kr-g600,156293
Xiaomi Redmi Note 4,816,https://www.kimovil.com/en/where-to-buy-xiaomi-redmi-note-44gb-64gb-global,75984
Ulefone Gemini Pro,621,https://www.kimovil.com/en/where-to-buy-ulefone-gemini-pro,89855
Xiaomi Redmi Note 4X,536,https://www.kimovil.com/en/where-to-buy-xiaomi-redmi-note-4x-snapdragon-4gb-64gb,61718
Asus ROG Phone,3865,https://www.kimovil.com/en/where-to-buy-asus-rog-phone,304183
Meizu Blue Charm 6T,375,https://www.kimovil.com/en/where-to-buy-meizu-blue-charm-6t-3gb-32gb,40100
Meizu M6T,382,https://www.kimovil.com/en/where-to-buy-meizu-blue-charm-6t-global-32gb,40100
Cubot Power,851,https://www.kimovil.com/en/where-to-buy-cubot-power-128gb,75000
Samsung Galaxy J8,1008,https://www.kimovil.com/en/where-to-buy-samsung-galaxy-j8,57000
Lenovo K8 Plus,670,https://www.kimovil.com/en/where-to-buy-lenovo-k8-plus,65548
Huawei nova 3i,870,https://www.kimovil.com/en/where-to-buy-huawei-nova-3i,138583
Huawei P Smart+,926,https://www.kimovil.com/en/where-to-buy-huawei-p-smart-plus,138583
Oppo R9s Plus,1469,https://www.kimovil.com/en/where-to-buy-oppo-r9s-plus,99153
OnePlus 3T,2523,https://www.kimovil.com/en/where-to-buy-oneplus-3t,178642
Xiaomi Redmi Note 4,792,https://www.kimovil.com/en/where-to-buy-xiaomi-redmi-note-43gb-32gb,84926
Meizu Pro 6 Plus,1826,https://www.kimovil.com/en/where-to-buy-meizu-pro-6-plus-128gb,150931
Xiaomi Redmi Note 4X,476,https://www.kimovil.com/en/where-to-buy-xiaomi-redmi-note-4x,61718
Huawei P9 Plus,1782,https://www.kimovil.com/en/where-to-buy-huawei-p9-plus-al10-dual-64gb,98068
Huawei Honor Note 8,1630,https://www.kimovil.com/en/where-to-buy-huawei-honor-note-8,142100
Xiaomi Mi Max,1100,https://www.kimovil.com/en/where-to-buy-xiaomi-mi-max-3gb-32gb,97223
Xiaomi Mi Max,1182,https://www.kimovil.com/en/where-to-buy-xiaomi-mi-max-4gb-64gb,97223
Huawei P9 Plus,1913,https://www.kimovil.com/en/where-to-buy-huawei-p9-plusl-al10-128,98068
OnePlus 2,1176,https://www.kimovil.com/en/where-to-buy-oneplus-2-4gb-64gb-cn,91476
AGM A9,780,https://www.kimovil.com/en/where-to-buy-agm-a9,57000
AGM A9,844,https://www.kimovil.com/en/where-to-buy-agm-a9-64gb,57000
Oukitel U23,660,https://www.kimovil.com/en/where-to-buy-oukitel-u23,86477
Samsung Galaxy A6s,827,https://www.kimovil.com/en/where-to-buy-samsung-galaxy-a6s-sm-g6200-128gb,134700
Doogee Y7 Plus,523,https://www.kimovil.com/en/where-to-buy-doogee-y7-plus,62000
Cubot X19,434,https://www.kimovil.com/en/where-to-buy-cubot-x19,93400
Huawei Y7 2019,575,https://www.kimovil.com/en/where-to-buy-huawei-y7-2019,73640
Nokia 3.1 Plus,542,https://www.kimovil.com/en/where-to-buy-nokia-3-1-plus-cn,75300
Oukitel WP2,776,https://www.kimovil.com/en/where-to-buy-oukitel-wp2,46000
Xiaomi Redmi 5,523,https://www.kimovil.com/en/where-to-buy-xiaomi-redmi-5-global,70000
Xiaomi Redmi 5 Plus,540,https://www.kimovil.com/en/where-to-buy-xiaomi-redmi-5-plus-4gb-64gb,76883
Huawei Enjoy 8 Plus,630,https://www.kimovil.com/en/where-to-buy-huawei-enjoy-8-plus,75400
Lenovo K8 Note,386,https://www.kimovil.com/en/where-to-buy-lenovo-k8-note,90000
Doogee BL12000,549,https://www.kimovil.com/en/where-to-buy-doogee-bl12000,42500
Doogee Mix,388,https://www.kimovil.com/en/where-to-buy-doogee-mix,63255
Vernee Mars Pro,582,https://www.kimovil.com/en/where-to-buy-vernee-mars-pro,63215
Samsung Galaxy A9 Star Lite,866,https://www.kimovil.com/en/where-to-buy-samsung-galaxy-a9-star-lite,56000
Lenovo K8 Note,442,https://www.kimovil.com/en/where-to-buy-lenovo-k8-note-4gb-64gb,90000
Lenovo K8 Plus,679,https://www.kimovil.com/en/where-to-buy-lenovo-k8-plus-4gb-32gb,65548
Doogee S70 Lite,703,https://www.kimovil.com/en/where-to-buy-doogee-s70-lite,92982
Samsung Galaxy C9,1132,https://www.kimovil.com/en/where-to-buy-samsung-galaxy-c9-pro,80989
Xiaomi Redmi Note 4X,535,https://www.kimovil.com/en/where-to-buy-xiaomi-redmi-note-4x-4gb-64gb,84679
AGM X2,1300,https://www.kimovil.com/en/where-to-buy-agm-x2,80269
Huawei Honor Note 8,1742,https://www.kimovil.com/en/where-to-buy-huawei-honor-note-8-64gb,142154
Huawei Honor 8C,765,https://www.kimovil.com/en/where-to-buy-huawei-honor-8c-128gb,104235
Vivo Y95,749,https://www.kimovil.com/en/where-to-buy-vivo-y95,88701
Elephone A5,737,https://www.kimovil.com/en/where-to-buy-elephone-a5-6gb-128gb,132300
Samsung Galaxy J8,903,https://www.kimovil.com/en/where-to-buy-samsung-galaxy-j8-j810y,57000
HUAWEI Mate 20 RS Porsche Design,7311,https://www.kimovil.com/en/where-to-buy-huawei-mate-20-rs-porsche-design,313561
Xiaomi Redmi 5 Plus,616,https://www.kimovil.com/en/where-to-buy-xiaomi-redmi-5-plus-global,76526
BQ Aquaris VS Plus,740,https://www.kimovil.com/en/where-to-buy-bq-aquaris-vs-plus-4gb-64gb,42000
Xiaomi Redmi 5 Plus,730,https://www.kimovil.com/en/where-to-buy-xiaomi-redmi-5-plus4gb-64gb-global,76883
Nubia V18,437,https://www.kimovil.com/en/where-to-buy-nubia-v18,75426
Leagoo Power 5,473,https://www.kimovil.com/en/where-to-buy-leagoo-power-5,61253
Gome K1,388,https://www.kimovil.com/en/where-to-buy-gome-k1,81000
Lenovo K9 Note,513,https://www.kimovil.com/en/where-to-buy-lenovo-k9-note-global-64gb,73610
Elephone S8,631,https://www.kimovil.com/en/where-to-buy-elephone-s8,96587
BQ Aquaris V Plus,784,https://www.kimovil.com/en/where-to-buy-bq-aquaris-v-plus,41500
BQ Aquaris V Plus,871,https://www.kimovil.com/en/where-to-buy-bq-aquaris-v-plus4gb-64gb,42000
Huawei Maimang 6,948,https://www.kimovil.com/en/where-to-buy-huawei-maimang-6,74998
VKworld S8,390,https://www.kimovil.com/en/where-to-buy-vkworld-s8,41256
Huawei Mate 10 Lite,833,https://www.kimovil.com/en/where-to-buy-huawei-mate-10-litea-l21,87221
Xiaomi Redmi 5 Plus,536,https://www.kimovil.com/en/where-to-buy-xiaomi-redmi-5-plus,76883
UMiDigi Z Pro,1125,https://www.kimovil.com/en/where-to-buy-umidigi-z-pro,96300
Gionee A1 Plus,737,https://www.kimovil.com/en/where-to-buy-gionee-a1-plus,62354
Vernee Apollo X,575,https://www.kimovil.com/en/where-to-buy-vernee-apollo-x,82501
Doogee Mix,392,https://www.kimovil.com/en/where-to-buy-doogee-mix4gb-64gb,63255
Coolpad Cool Play 6,524,https://www.kimovil.com/en/where-to-buy-coolpad-cool-play-6,80263
Blackview BV8000 Pro,772,https://www.kimovil.com/en/where-to-buy-blackview-bv8000-pro,65722
Lenovo K5 Note (2018),441,https://www.kimovil.com/en/where-to-buy-lenovo-k5-note-2018-4gb-64gb,57000
Sony Xperia XA1 Plus,1408,https://www.kimovil.com/en/where-to-buy-sony-xperia-xa1-plus-g3416-4gb-32gb,76548
Elephone A5,699,https://www.kimovil.com/en/where-to-buy-elephone-a5,132300
Blackview Max 1,1151,https://www.kimovil.com/en/where-to-buy-blackview-max-1,80600
Vivo U1,733,https://www.kimovil.com/en/where-to-buy-vivo-u1-3gb-32gb,88701
Elephone U Pro,854,https://www.kimovil.com/en/where-to-buy-elephone-u-pro,139165
Sony Xperia XA2,962,https://www.kimovil.com/en/where-to-buy-sony-xperia-xa2,72512
Huawei Honor 7x,881,https://www.kimovil.com/en/where-to-buy-huawei-honor-7x-l21-64gb,79103
Cubot P20,624,https://www.kimovil.com/en/where-to-buy-cubot-p20,41500
Ulefone X,466,https://www.kimovil.com/en/where-to-buy-ulefone-x,83998
Asus ZenFone Max Plus,473,https://www.kimovil.com/en/where-to-buy-asus-zenfone-max-plus-zb570tl-4gb-64gb-global,37233
Lenovo K9 Note,410,https://www.kimovil.com/en/where-to-buy-lenovo-k9-note-3gb-32gb,73610
Lenovo K9 Note,410,https://www.kimovil.com/en/where-to-buy-lenovo-k9-note-global,73610
Bluboo S1,374,https://www.kimovil.com/en/where-to-buy-bluboo-s1,63254
Huawei Honor 7x,586,https://www.kimovil.com/en/where-to-buy-huawei-honor-7x,79103
Sony Xperia XA1 Plus,1450,https://www.kimovil.com/en/where-to-buy-sony-xperia-xa1-plus,76548
AGM X2,1732,https://www.kimovil.com/en/where-to-buy-agm-x2-6gb-128gb,81023
Blackview BV9000,693,https://www.kimovil.com/en/where-to-buy-blackview-bv9000,61800
Xiaomi Redmi 4X,557,https://www.kimovil.com/en/where-to-buy-xiaomi-redmi-4x3gb-32gb,57686
Huawei P10 Plus,2872,https://www.kimovil.com/en/where-to-buy-huawei-p10-plus-al00-256gb,164835
Samsung Galaxy J7 Prime,749,https://www.kimovil.com/en/where-to-buy-samsung-galaxy-j7-prime,46281
Xiaomi Redmi 4X,566,https://www.kimovil.com/en/where-to-buy-xiaomi-redmi-4x-global,57686
Ulefone Armor 2,809,https://www.kimovil.com/en/where-to-buy-ulefone-armor-2,66287
Lenovo K5 Note (2018),465,https://www.kimovil.com/en/where-to-buy-lenovo-k5-note-2018,57000
Meizu M6T,775,https://www.kimovil.com/en/where-to-buy-meizu-blue-charm-6t-global-64gb,40100
Samsung Galaxy A6 Plus (2018),1284,https://www.kimovil.com/en/where-to-buy-samsung-galaxy-a6-plus-2018-duos-64gb,57000
Motorola Moto E5 Plus,488,https://www.kimovil.com/en/where-to-buy-motorola-moto-e5-plus-3gb-32gb,35269
Huawei Honor V8,1316,https://www.kimovil.com/en/where-to-buy-huawei-honor-v8-64gb,94164
Xiaomi Redmi Note 4,871,https://www.kimovil.com/en/where-to-buy-xiaomi-redmi-note-4-3gb-64gb,84926
Xiaomi Redmi Note 3,665,https://www.kimovil.com/en/where-to-buy-xiaomi-redmi-note-3-3gb-32gb,49889
Samsung Galaxy A9 (2016),1444,https://www.kimovil.com/en/where-to-buy-samsung-galaxy-a9,73592
LeTV Le Max X900,2042,https://www.kimovil.com/en/where-to-buy-letv-s1-max,82491
Asus ZenFone Max Plus,469,https://www.kimovil.com/en/where-to-buy-asus-zenfone-max-plus-zb570tl-3gb-32gb-global,37233
Vivo Y73,621,https://www.kimovil.com/en/where-to-buy-vivo-y73v1731ca-4gb-64gb,88701
Vivo U1,916,https://www.kimovil.com/en/where-to-buy-vivo-u1,88701
Zoji Z33,412,https://www.kimovil.com/en/where-to-buy-zoji-z33,34562
Sharp B10,341,https://www.kimovil.com/en/where-to-buy-sharp-b10,46000
Asus ZenFone 5 Lite,1605,https://www.kimovil.com/en/where-to-buy-asus-zenfone-5-lites630-4gb-128gb,71289
Oukitel K10,1009,https://www.kimovil.com/en/where-to-buy-oukitel-k10,77725
Sony Xperia L2,388,https://www.kimovil.com/en/where-to-buy-sony-xperia-l2,32123
Jesy J9S,890,https://www.kimovil.com/en/where-to-buy-jesy-j9s,47544
Doogee BL12000 Pro,1048,https://www.kimovil.com/en/where-to-buy-doogee-bl12000-pro,84556
Doogee S50,584,https://www.kimovil.com/en/where-to-buy-doogee-s50-128gb,64013
HomTom HT70,532,https://www.kimovil.com/en/where-to-buy-homtom-ht70,43424
Elephone U,591,https://www.kimovil.com/en/where-to-buy-elephone-u-128gb,77452
Huawei Enjoy 8 Plus,1161,https://www.kimovil.com/en/where-to-buy-huawei-enjoy-8-plus-128gb,75400
Vivo S1,1785,https://www.kimovil.com/en/where-to-buy-vivo-s1,138000
Huawei Enjoy 8 Plus,1128,https://www.kimovil.com/en/where-to-buy-huawei-enjoy-8-plus-al20-128gb,75400
Ulefone P6000 Plus,357,https://www.kimovil.com/en/where-to-buy-ulefone-p6000-plus,35000
Samsung Galaxy J7 (2017),897,https://www.kimovil.com/en/where-to-buy-samsung-galaxy-j7-2017-j730gm,46000
Vernee M5,508,https://www.kimovil.com/en/where-to-buy-vernee-m5-64gb,40817
Huawei Honor 7x,686,https://www.kimovil.com/en/where-to-buy-huawei-honor-7x-64gb,79103
Huawei nova 2i,789,https://www.kimovil.com/en/where-to-buy-huawei-nova-2i,83601
Blackview BV9000,968,https://www.kimovil.com/en/where-to-buy-blackview-bv9000-pro,60800
Xiaomi Redmi 5,540,https://www.kimovil.com/en/where-to-buy-xiaomi-redmi-5-3gb-32gb,70000
Oukitel K6,815,https://www.kimovil.com/en/where-to-buy-oukitel-k6,79304
Doogee S50,548,https://www.kimovil.com/en/where-to-buy-doogee-s50,64013
HomTom S99,394,https://www.kimovil.com/en/where-to-buy-homtom-s99,35468
Oukitel K7 Power,567,https://www.kimovil.com/en/where-to-buy-oukitel-k7,35400
Samsung Galaxy A6 Plus (2018),1012,https://www.kimovil.com/en/where-to-buy-samsung-galaxy-a6-plus-2018-duos-4gb-32gb,57000
Oukitel K8,466,https://www.kimovil.com/en/where-to-buy-oukitel-k8,49305
Zoji Z9,676,https://www.kimovil.com/en/where-to-buy-zoji-z9,62545
Xiaomi Mi Mix,3105,https://www.kimovil.com/en/where-to-buy-xiaomi-mi-mix,157865
AGM X1,772,https://www.kimovil.com/en/where-to-buy-agm-x1,42569
Zoji Z11,573,https://www.kimovil.com/en/where-to-buy-zoji-z11,41213
Motorola Moto E5 Plus,776,https://www.kimovil.com/en/where-to-buy-motorola-moto-e5-plus-4gb-64gb,35269
Vivo U1,1075,https://www.kimovil.com/en/where-to-buy-vivo-u1-4gb-64gb,88701
Samsung Galaxy A6 Plus (2018),1561,https://www.kimovil.com/en/where-to-buy-samsung-galaxy-a6-plus-2018-g605g,57000
Sharp R1S,382,https://www.kimovil.com/en/where-to-buy-sharp-r1s,48554
Asus ZenFone Pegasus 4S Max Plus,469,https://www.kimovil.com/en/where-to-buy-asus-zenfone-pegasus-4s-max-plus-x018dc-4gb-64gb,41558
Vivo Y73,675,https://www.kimovil.com/en/where-to-buy-vivo-y73,88701
Huawei Y9 (2018),748,https://www.kimovil.com/en/where-to-buy-huawei-y9-2018,75400
Gionee A1 Lite,504,https://www.kimovil.com/en/where-to-buy-gionee-a1-lite,31562
Samsung Galaxy J7 (2017),1090,https://www.kimovil.com/en/where-to-buy-samsung-galaxy-j7-2017-64gb,46000
Motorola Moto G6 Play,759,https://www.kimovil.com/en/where-to-buy-motorola-moto-g6-play-3gb-32gb,47963
Meizu M5 note,390,https://www.kimovil.com/en/where-to-buy-meizu-m5-note-32gb-global,48000
Motorola Moto G7 Power,1170,https://www.kimovil.com/en/where-to-buy-motorola-moto-g7-power-xt1955-1-br-64gb,108237
UMiDIGI C Note 2,621,https://www.kimovil.com/en/where-to-buy-umidigi-c-note-2,40500
Doogee BL5000,374,https://www.kimovil.com/en/where-to-buy-doogee-bl5000,44682
Bluboo S8,311,https://www.kimovil.com/en/where-to-buy-bluboo-s8,42758
Asus ZenFone 4 Max Plus,485,https://www.kimovil.com/en/where-to-buy-asus-zenfone-4-max-3gb,42100
Meiigoo M1,854,https://www.kimovil.com/en/where-to-buy-meiigoo-m1,60787
Doogee BL7000,371,https://www.kimovil.com/en/where-to-buy-doogee-bl7000,41000
M-Horse Pure 1,256,https://www.kimovil.com/en/where-to-buy-m-horse-pure1,40000
Asus ZenFone Pegasus 4S Max Plus,456,https://www.kimovil.com/en/where-to-buy-asus-zenfone-pegasus-4s-max-plus,41558
M-Horse Pure 2,391,https://www.kimovil.com/en/where-to-buy-m-horse-pure-2,40100
Huawei Honor V9,1898,https://www.kimovil.com/en/where-to-buy-huawei-honor-v9,170814
nubia N2,610,https://www.kimovil.com/en/where-to-buy-nubia-n2,36500
Elephone P8 2017,566,https://www.kimovil.com/en/where-to-buy-elephone-p8-2017,62354
Samsung Galaxy A6 Plus (2018),1174,https://www.kimovil.com/en/where-to-buy-samsung-galaxy-a6-plus-20183gb-32gb-duos,57000
Elephone Soldier,974,https://www.kimovil.com/en/where-to-buy-elephone-soldier,98500
Asus ZenFone Pegasus 3S,749,https://www.kimovil.com/en/where-to-buy-asus-zenfone-pegasus-3s,40500
Huawei Nova Plus,1329,https://www.kimovil.com/en/where-to-buy-huawei-nova-plus,60000
Xiaomi Redmi 3 Pro,580,https://www.kimovil.com/en/where-to-buy-xiaomi-redmi-3-pro,33726
Asus ZenFone 5 Selfie Pro,1629,https://www.kimovil.com/en/where-to-buy-asus-zenfone-5-selfie-pro-128gb,71200
Vivo Y73,753,https://www.kimovil.com/en/where-to-buy-vivo-y73v1731ca-3gb-64gb,88701
Doogee N10,310,https://www.kimovil.com/en/where-to-buy-doogee-y7,38600
Asus ZenFone Max (M1),504,https://www.kimovil.com/en/where-to-buy-asus-zenfone-max-m1-zb556kl,57999
Poptel P9000 Max,768,https://www.kimovil.com/en/where-to-buy-poptel-p9000-max,41256
Nomu S50 Pro,986,https://www.kimovil.com/en/where-to-buy-nomu-s50-pro,45677
Oukitel U18,349,https://www.kimovil.com/en/where-to-buy-oukitel-u18,54899
Koolnee K1 Trio,827,https://www.kimovil.com/en/where-to-buy-koolnee-k1-trio,61232
Asus ZenFone 4 Max,1299,https://www.kimovil.com/en/where-to-buy-asus-zenfone-4-max,43000
Motorola Moto E4 Plus,646,https://www.kimovil.com/en/where-to-buy-motorola-moto-e4-plus-32gb,34000
Asus ZenFone 4 Max ZC520KL,582,https://www.kimovil.com/en/where-to-buy-asus-zenfone-4-max-zc520kl,37146
Huawei Honor 7x,997,https://www.kimovil.com/en/where-to-buy-huawei-honor-7x-128gb,79103
Asus ZenFone 3S Max,433,https://www.kimovil.com/en/where-to-buy-asus-zenfone-3s-max,36500
Asus ZenFone 3S Max,473,https://www.kimovil.com/en/where-to-buy-asus-zenfone-3s-max-64gb,36500
Gionee S10,688,https://www.kimovil.com/en/where-to-buy-gionee-s10,61235
Philips Xenium X598,477,https://www.kimovil.com/en/where-to-buy-philips-xenium-x598,42356
Doogee S55,543,https://www.kimovil.com/en/where-to-buy-doogee-s55,42984
Huawei Honor 6X,772,https://www.kimovil.com/en/where-to-buy-huawei-honor-6x,56585
Huawei Honor 6X,1029,https://www.kimovil.com/en/where-to-buy-huawei-honor-6x-64gb,56585
Meizu M5 note,390,https://www.kimovil.com/en/where-to-buy-meizu-m5-note-3gb-32gb,48000
Asus ZenFone 3 Max ZC553KL,734,https://www.kimovil.com/en/where-to-buy-asus-zenfone-3-zc553kl-3gb-32gb,56813
Moto Z Play,1594,https://www.kimovil.com/en/where-to-buy-lenovo-moto-z-play-32gb-dual,59600
Meizu M3 Max,946,https://www.kimovil.com/en/where-to-buy-meizu-m3-max,50000
Lenovo A5,427,https://www.kimovil.com/en/where-to-buy-lenovo-a5-32gb-cmcc,35000
Sharp R1,272,https://www.kimovil.com/en/where-to-buy-sharp-r1,31200
Motorola Moto E5 Plus,729,https://www.kimovil.com/en/where-to-buy-motorola-moto-e5-plus-3gb-32gb-latam,35269
Poptel P10,697,https://www.kimovil.com/en/where-to-buy-poptel-p10,62545
Oukitel WP1,630,https://www.kimovil.com/en/where-to-buy-oukitel-wp1,81000
Samsung Galaxy J6+,834,https://www.kimovil.com/en/where-to-buy-samsung-galaxy-j6-plus,32000
Samsung Galaxy J6+,809,https://www.kimovil.com/en/where-to-buy-samsung-galaxy-j6-plus-3gb-32gb,32000
Vernee M6,373,https://www.kimovil.com/en/where-to-buy-vernee-m6,39878
Alcatel A7 Xl,739,https://www.kimovil.com/en/where-to-buy-alcatel-a7-xl,45052
Oukitel WP5000,741,https://www.kimovil.com/en/where-to-buy-oukitel-wp5000,60000
Asus ZenFone Pegasus 4A,394,https://www.kimovil.com/en/where-to-buy-asus-zenfone-pegasus-4a,25721
HomTom S8,394,https://www.kimovil.com/en/where-to-buy-homtom-s8,41000
Kenxinda S9,349,https://www.kimovil.com/en/where-to-buy-kenxinda-s9,25000
Ulefone Power 2,652,https://www.kimovil.com/en/where-to-buy-ulefone-power-2,41000
Samsung Galaxy C7,959,https://www.kimovil.com/en/where-to-buy-samsung-galaxy-c7-c7000-32gb,60140
Oppo R11 Plus,1695,https://www.kimovil.com/en/where-to-buy-oppo-r11-plus,136995
Blackview P2,487,https://www.kimovil.com/en/where-to-buy-blackview-p2,44682
Bluboo Maya Max,564,https://www.kimovil.com/en/where-to-buy-bluboo-maya-max,43677
Oppo R9 Plus,1568,https://www.kimovil.com/en/where-to-buy-oppo-r9-plus,73000
Doogee F7,710,https://www.kimovil.com/en/where-to-buy-doogee-f7,78000
UMi Super,1031,https://www.kimovil.com/en/where-to-buy-umi-super,47033
Motorola Moto G6 Play,764,https://www.kimovil.com/en/where-to-buy-motorola-moto-g6-play-latam,47963
Vernee M3,275,https://www.kimovil.com/en/where-to-buy-vernee-m3,32000
HiSense A6,1835,https://www.kimovil.com/en/where-to-buy-hisense-a6,134000
Nomu T18,998,https://www.kimovil.com/en/where-to-buy-nomu-t18,33586
Gome K1,1181,https://www.kimovil.com/en/where-to-buy-gome-k1-128gb,73060
HomTom H5,339,https://www.kimovil.com/en/where-to-buy-homtom-h5,33165
Meiigoo S8,504,https://www.kimovil.com/en/where-to-buy-meiigoo-s8,41056
Oukitel K3,418,https://www.kimovil.com/en/where-to-buy-oukitel-k3,41000
Maze Comet,737,https://www.kimovil.com/en/where-to-buy-maze-comet,44682
HomTom S9 Plus,497,https://www.kimovil.com/en/where-to-buy-homtom-s9-plus,41000
Oukitel K6000 Plus,591,https://www.kimovil.com/en/where-to-buy-oukitel-k6000-plus,45831
BlackBerry KEY2,2059,https://www.kimovil.com/en/where-to-buy-blackberry-key2,104000
HomTom H10,394,https://www.kimovil.com/en/where-to-buy-homtom-h10,42900
Meizu M5 note,767,https://www.kimovil.com/en/where-to-buy-meizu-m5-note-4gb-64gb,48000
Flipkart Bilion Capture+,272,https://www.kimovil.com/en/where-to-buy-flipkart-bilion-capture-plus,0
Samsung Galaxy J7 Max,975,https://www.kimovil.com/en/where-to-buy-samsung-galaxy-j7-max,44157
Uhans Max 2,513,https://www.kimovil.com/en/where-to-buy-uhans-max-2,52077
Oukitel Mix 2,660,https://www.kimovil.com/en/where-to-buy-oukitel-mix-2-6gb,65054
Meiigoo Note 8,670,https://www.kimovil.com/en/where-to-buy-meiigoo-note-8,43525
Samsung Galaxy C7 Pro,1331,https://www.kimovil.com/en/where-to-buy-samsung-galaxy-c7-pro,67000
Oukitel K10000 Pro,699,https://www.kimovil.com/en/where-to-buy-oukitel-k10000-pro,45000
Huawei Nova 2 Plus,1329,https://www.kimovil.com/en/where-to-buy-huawei-nova-2-plus,74998
LG Q8 (2018),1400,https://www.kimovil.com/en/where-to-buy-lg-q8-2018,58000
Vivo X7 Plus,1586,https://www.kimovil.com/en/where-to-buy-vivo-x7-plus,81000
Samsung Galaxy C7,1241,https://www.kimovil.com/en/where-to-buy-samsung-galaxy-c7,60140
Asus ZenFone 3 Max ZC520TL,624,https://www.kimovil.com/en/where-to-buy-asus-zenfone-3-maxzc520tl3gb-32gb,37146
VK7000,660,https://www.kimovil.com/en/where-to-buy-vkworld-vk7000,41256
Yota Devices YotaPhone 3,1172,https://www.kimovil.com/en/where-to-buy-yota-devices-yotaphone-3,62500
Oukitel K5000,660,https://www.kimovil.com/en/where-to-buy-oukitel-k5000,36500
ZTE Blade A3 (2017),465,https://www.kimovil.com/en/where-to-buy-zte-blade-a3-2017,39856
HomTom HT50,325,https://www.kimovil.com/en/where-to-buy-homtom-ht50,27000
Vernee Thor Plus,519,https://www.kimovil.com/en/where-to-buy-vernee-thor-plus,37360
Zoji Z8,390,https://www.kimovil.com/en/where-to-buy-zoji-z8,36500
Blackview BV7000 Pro,614,https://www.kimovil.com/en/where-to-buy-blackview-bv7000-pro,35433
Huawei Enjoy 7 Plus,966,https://www.kimovil.com/en/where-to-buy-huawei-enjoy-7-plus,45218
Huawei Nova Plus,1681,https://www.kimovil.com/en/where-to-buy-huawei-nova-plus-4gb-64gb,60000
Uhans Note 4,628,https://www.kimovil.com/en/where-to-buy-uhans-note-4,24565
Doogee S60,908,https://www.kimovil.com/en/where-to-buy-doogee-s60,66544
Quantum V,1849,https://www.kimovil.com/en/where-to-buy-quantum-v,40500
Doogee S60,563,https://www.kimovil.com/en/where-to-buy-doogee-s60-lite,66544
UMi Plus Extreme,1832,https://www.kimovil.com/en/where-to-buy-umi-plus-extreme,81000
