Name	Price	Link
Xiaomi Mi 9	R$ 1,693	https://www.kimovil.com/en/where-to-buy-xiaomi-mi-9
Samsung Galaxy S10 Plus	R$ 5,819	https://www.kimovil.com/en/where-to-buy-samsung-galaxy-s10-plus-sm-g975f-1tb
Samsung Galaxy S10 Plus	--	https://www.kimovil.com/en/where-to-buy-samsung-galaxy-s10-plus-sm-g975u
OnePlus 7	R$ 1,969	https://www.kimovil.com/en/where-to-buy-oneplus-7-8gb-256gb-cn
Oppo Reno 10x Zoom	--	https://www.kimovil.com/en/where-to-buy-oppo-reno-10x-zoom-global
OnePlus 7	R$ 2,363	https://www.kimovil.com/en/where-to-buy-oneplus-7-12gb-256gb-cn
Oneplus 6T	R$ 1,599	https://www.kimovil.com/en/where-to-buy-oneplus-6t-cn-in-8gb-128gb
Xiaomi Mi 9	R$ 1,491	https://www.kimovil.com/en/where-to-buy-xiaomi-mi-9-global
OnePlus 7	R$ 2,654	https://www.kimovil.com/en/where-to-buy-oneplus-7-8gb-256gb-global
Oneplus 6T	R$ 2,329	https://www.kimovil.com/en/where-to-buy-oneplus-6t-cn-6gb-128gb
Xiaomi Mi 9	R$ 1,808	https://www.kimovil.com/en/where-to-buy-xiaomi-mi-9-8gb-cn
Xiaomi Mi 9	R$ 1,696	https://www.kimovil.com/en/where-to-buy-xiaomi-mi-9-global-128gb
OnePlus 7	--	https://www.kimovil.com/en/where-to-buy-oneplus-7
Xiaomi Mi Mix 2s	R$ 1,142	https://www.kimovil.com/en/where-to-buy-xiaomi-mi-mix-2s-global
Oneplus 6T	R$ 1,909	https://www.kimovil.com/en/where-to-buy-oneplus-6t-8gb-128gb
Oneplus 6T	R$ 2,087	https://www.kimovil.com/en/where-to-buy-oneplus-6t-cn-in-8gb-256gb
Samsung Galaxy S10 Plus	R$ 3,437	https://www.kimovil.com/en/where-to-buy-samsung-galaxy-s10-plus
Huawei Mate 20X	R$ 2,186	https://www.kimovil.com/en/where-to-buy-huawei-mate-20x
OnePlus 7 Pro	R$ 2,572	https://www.kimovil.com/en/where-to-buy-oneplus-7-pro-cn
Xiaomi Mi8	R$ 1,902	https://www.kimovil.com/en/where-to-buy-xiaomi-mi8-8gb
Oneplus 6T	R$ 2,653	https://www.kimovil.com/en/where-to-buy-oneplus-6t
Oppo Reno 10x Zoom	--	https://www.kimovil.com/en/where-to-buy-oppo-reno-10x-zoom-8gb-256gb-global-v1
Nubia Red Magic 3	R$ 2,287	https://www.kimovil.com/en/where-to-buy-nubia-red-magic-3
Nubia Red Magic 3	R$ 1,796	https://www.kimovil.com/en/where-to-buy-nubia-red-magic-3-6gb-128gb-nx628j
OnePlus 7 Pro	R$ 2,879	https://www.kimovil.com/en/where-to-buy-oneplus-7-pro-8gb-256gb-cn
Xiaomi Mi Mix 2s	R$ 1,516	https://www.kimovil.com/en/where-to-buy-xiaomi-mi-mix-2s-global-128gb
Huawei Mate 20X	R$ 2,830	https://www.kimovil.com/en/where-to-buy-huawei-mate-20x-l29
Huawei P20 Pro	--	https://www.kimovil.com/en/where-to-buy-huawei-p20-pro-l09
OnePlus 6	R$ 1,456	https://www.kimovil.com/en/where-to-buy-oneplus-6-cn
OnePlus 6	R$ 1,548	https://www.kimovil.com/en/where-to-buy-oneplus-6-8gb-128gb
Xiaomi Mi8	R$ 1,209	https://www.kimovil.com/en/where-to-buy-xiaomi-mi8-6gb-64gb
Xiaomi Mi8	R$ 1,260	https://www.kimovil.com/en/where-to-buy-xiaomi-mi8-6gb-128gb
OnePlus 7 Pro	R$ 2,855	https://www.kimovil.com/en/where-to-buy-oneplus-7-pro
OnePlus 7 Pro	R$ 3,131	https://www.kimovil.com/en/where-to-buy-oneplus-7-pro-8gb-256gb
Xiaomi Mi8 Global	R$ 1,242	https://www.kimovil.com/en/where-to-buy-xiaomi-mi8
Xiaomi Mi8 Global	R$ 1,335	https://www.kimovil.com/en/where-to-buy-xiaomi-mi8-global-128gb
Oneplus 6T	R$ 2,833	https://www.kimovil.com/en/where-to-buy-oneplus-6t-8gb-256gb
Samsung Galaxy S10	R$ 3,024	https://www.kimovil.com/en/where-to-buy-samsung-galaxy-s10
Pocophone F1	R$ 1,198	https://www.kimovil.com/en/where-to-buy-xiaomi-pocophone-f1-6gb-128gb
Xiaomi Mi Mix 2s	R$ 1,142	https://www.kimovil.com/en/where-to-buy-xiaomi-mi-mix-2s
Huawei P20 Pro	R$ 2,347	https://www.kimovil.com/en/where-to-buy-huawei-p20-pro
OnePlus 6	R$ 2,036	https://www.kimovil.com/en/where-to-buy-oneplus-6-eu-128gb
Xiaomi Mi8	R$ 1,695	https://www.kimovil.com/en/where-to-buy-xiaomi-mi8-6gb-256gb
Redmi Note 7 Pro	R$ 901	https://www.kimovil.com/en/where-to-buy-xiaomi-redmi-note-7-pro-cn
Xiaomi Black Shark 2	R$ 1,753	https://www.kimovil.com/en/where-to-buy-black-shark-black-shark-2
Huawei P30	--	https://www.kimovil.com/en/where-to-buy-huawei-p30
ZTE Axon 10 Pro	R$ 2,639	https://www.kimovil.com/en/where-to-buy-zte-axon-10-pro
Nubia Red Magic 3	R$ 2,135	https://www.kimovil.com/en/where-to-buy-nubia-red-magic-3-8gb-128gb-nx628j
OnePlus 7 Pro	R$ 3,383	https://www.kimovil.com/en/where-to-buy-oneplus-7-pro-12gb-256gb-cn
Pocophone F1	R$ 1,036	https://www.kimovil.com/en/where-to-buy-xiaomi-pocophone-f1
Redmi Note 7 Pro	--	https://www.kimovil.com/en/where-to-buy-xiaomi-redmi-note-7-pro
Samsung Galaxy S10	--	https://www.kimovil.com/en/where-to-buy-samsung-galaxy-s10-sm-g970
Samsung Galaxy S10 Plus	--	https://www.kimovil.com/en/where-to-buy-samsung-galaxy-s10-plus-sm-g975u-512gb
Huawei Mate 20 PRO	R$ 2,879	https://www.kimovil.com/en/where-to-buy-huawei-mate-20-pro
Huawei Mate 20X	R$ 3,032	https://www.kimovil.com/en/where-to-buy-huawei-mate-20x-256gb
Samsung Galaxy S9+	R$ 2,383	https://www.kimovil.com/en/where-to-buy-samsung-galaxy-s9-plus-dualsim-128gb
Xiaomi Mi Mix 2s	R$ 2,140	https://www.kimovil.com/en/where-to-buy-xiaomi-mi-mix-2s-128gb
OnePlus 6	R$ 1,930	https://www.kimovil.com/en/where-to-buy-oneplus-6-8gb-256gb
Huawei Mate 20	R$ 1,900	https://www.kimovil.com/en/where-to-buy-huawei-mate-20
OnePlus 6	R$ 1,871	https://www.kimovil.com/en/where-to-buy-oneplus-6
OnePlus 6	R$ 2,298	https://www.kimovil.com/en/where-to-buy-oneplus-6-eu-256gb
Xiaomi Black Shark 2	R$ 2,623	https://www.kimovil.com/en/where-to-buy-black-shark-2
Xiaomi Black Shark 2	R$ 2,107	https://www.kimovil.com/en/where-to-buy-black-shark-black-shark-2-8gb-256gb
Xiaomi Black Shark 2	R$ 1,969	https://www.kimovil.com/en/where-to-buy-black-shark-black-shark-2-8gb-128gb
Huawei P30 Pro	R$ 3,893	https://www.kimovil.com/en/where-to-buy-huawei-p30-pro
Huawei P30 Pro	R$ 3,556	https://www.kimovil.com/en/where-to-buy-huawei-p30-pro-8gb-128gb
Huawei P30 Pro	R$ 4,020	https://www.kimovil.com/en/where-to-buy-huawei-p30-pro-8gb-256
Huawei P30 Pro	R$ 3,269	https://www.kimovil.com/en/where-to-buy-huawei-p30-pro-8gb-128gb-al00
OnePlus 7 Pro	R$ 3,612	https://www.kimovil.com/en/where-to-buy-oneplus-7-pro-12gb-256gb-global
Meizu 16th Plus	R$ 1,654	https://www.kimovil.com/en/where-to-buy-meizu-16th-plus-8gb-256gb-cn
Samsung Galaxy Note 9	R$ 2,493	https://www.kimovil.com/en/where-to-buy-samsung-galaxy-note-9-dual-eu
Nubia Red Magic 3	--	https://www.kimovil.com/en/where-to-buy-nubia-red-magic-3-12gb-256gb-nx628j
Huawei Honor V20	R$ 1,544	https://www.kimovil.com/en/where-to-buy-huawei-honor-v20
Huawei Honor V20	R$ 1,650	https://www.kimovil.com/en/where-to-buy-huawei-honor-v20-8gb
Samsung Galaxy Note 9	R$ 2,680	https://www.kimovil.com/en/where-to-buy-samsung-galaxy-note--n9600
Xiaomi Mi 9	R$ 3,143	https://www.kimovil.com/en/where-to-buy-xiaomi-mi-9-battle-angel
Samsung Galaxy S10 Plus	R$ 4,414	https://www.kimovil.com/en/where-to-buy-samsung-galaxy-s10-plus-sm-g975f-512gb
Pocophone F1	R$ 2,135	https://www.kimovil.com/en/where-to-buy-xiaomi-poco-f1-256gb
Huawei Mate 20 PRO	R$ 2,450	https://www.kimovil.com/en/where-to-buy-huawei-mate-20-pro-al10
Huawei P20 Pro	R$ 1,816	https://www.kimovil.com/en/where-to-buy-huawei-p20-pro-al00-6gb-64gb
Asus Zenfone 5z	R$ 2,717	https://www.kimovil.com/en/where-to-buy-asus-zenfone-5z-8gb-256gb
Xiaomi Black Shark 2	R$ 2,127	https://www.kimovil.com/en/where-to-buy-black-shark-black-shark-2-global
Huawei P30	R$ 2,272	https://www.kimovil.com/en/where-to-buy-huawei-p30-al00
Huawei Mate 10	R$ 3,226	https://www.kimovil.com/en/where-to-buy-huawei-mate-10
Huawei Mate 10	R$ 1,329	https://www.kimovil.com/en/where-to-buy-huawei-mate-10-l09
Samsung Galaxy S9+	R$ 2,727	https://www.kimovil.com/en/where-to-buy-samsung-galaxy-s9-plus
Samsung Galaxy S8+	R$ 2,166	https://www.kimovil.com/en/where-to-buy-samsung-galaxy-s8-plus
Samsung Galaxy S8+	R$ 1,703	https://www.kimovil.com/en/where-to-buy-samsung-galaxy-s8-plus4gb-64gb-g955fd
Meizu 16th Plus	R$ 1,654	https://www.kimovil.com/en/where-to-buy-meizu-16th-plus
Meizu 16th Plus	R$ 1,654	https://www.kimovil.com/en/where-to-buy-meizu-16th-plus-8gb-128gb-cn
Samsung Galaxy Note 9	--	https://www.kimovil.com/en/where-to-buy-samsung-galaxy-note-9-us
Lenovo Z5 Pro GT	R$ 1,969	https://www.kimovil.com/en/where-to-buy-lenovo-z5-pro-gt
Vivo NEX S	--	https://www.kimovil.com/en/where-to-buy-vivo-nex-s-global
Huawei Honor V20 MOSCHINO	R$ 1,880	https://www.kimovil.com/en/where-to-buy-huawei-honor-v20-moschino
Huawei Honor View 20	R$ 2,214	https://www.kimovil.com/en/where-to-buy-huawei-honor-view-20
Huawei Honor View 20	R$ 2,657	https://www.kimovil.com/en/where-to-buy-huawei-honor-view-28-256gb
Samsung Galaxy S10	--	https://www.kimovil.com/en/where-to-buy-samsung-galaxy-s10-sm-g973u-512gb
ZTE Axon 9 Pro	--	https://www.kimovil.com/en/where-to-buy-zte-axon-9-pro
Huawei Mate 20 PRO	--	https://www.kimovil.com/en/where-to-buy-huawei-mate-20-pro-l09
Samsung Galaxy S9+	R$ 2,271	https://www.kimovil.com/en/where-to-buy-samsung-galaxy-s9-plus-dual-sim
Samsung Galaxy S9+	R$ 2,534	https://www.kimovil.com/en/where-to-buy-samsung-galaxy-s9-plusg965fd-6gb-256gb
Huawei P20 Pro	R$ 2,173	https://www.kimovil.com/en/where-to-buy-huawei-p20-pro-al00-6gb-128gb
HTC U12+	--	https://www.kimovil.com/en/where-to-buy-htc-u12-plus
Asus Zenfone 5z	R$ 1,720	https://www.kimovil.com/en/where-to-buy-asus-zenfone-5zzs620kl-vc-6gb-64gb
UMIDIGI F1 Play	R$ 776	https://www.kimovil.com/en/where-to-buy-umidigi-f1-play
Huawei P30	--	https://www.kimovil.com/en/where-to-buy-huawei-p30-6gb-128gb-single-sim
Pocophone F1	--	https://www.kimovil.com/en/where-to-buy-xiaomi-pocophone-f1-armoured-edition-128gb
Xiaomi Black Shark 2	R$ 2,678	https://www.kimovil.com/en/where-to-buy-black-shark-black-shark-2-global-12gb
Huawei P30	R$ 2,642	https://www.kimovil.com/en/where-to-buy-huawei-p30-8gb-128gb-al00
OnePlus 7 Pro	--	https://www.kimovil.com/en/where-to-buy-oneplus-7-pro-us-6gb-128gb
Xiaomi Mi 9T	R$ 1,591	https://www.kimovil.com/en/where-to-buy-xiaomi-mi-9t
Xiaomi Mi 9T	R$ 1,626	https://www.kimovil.com/en/where-to-buy-xiaomi-mi-9t-6gb-128gb
Xiaomi Mi Mix 2	R$ 1,569	https://www.kimovil.com/en/where-to-buy-xiaomi-mi-mix-2
Huawei Mate 10	R$ 1,370	https://www.kimovil.com/en/where-to-buy-huawei-mate-10-4gb-64gb-al10
OnePlus 5T	R$ 1,174	https://www.kimovil.com/en/where-to-buy-oneplus-5t
OnePlus 5T	R$ 1,174	https://www.kimovil.com/en/where-to-buy-oneplus-5t-8gb-128gb
Huawei Mate 10 Pro	R$ 1,871	https://www.kimovil.com/en/where-to-buy-huawei-mate-10-pro-6gb-128gb
Samsung Galaxy S8+	--	https://www.kimovil.com/en/where-to-buy-samsung-galaxy-s8-plus-g955u
Samsung Galaxy Note 9	R$ 3,343	https://www.kimovil.com/en/where-to-buy-samsung-galaxy-note-9
Oneplus 6T	R$ 3,147	https://www.kimovil.com/en/where-to-buy-oneplus-6t-mclaren-cn
Redmi Note 7	R$ 604	https://www.kimovil.com/en/where-to-buy-redmi-note-7
Redmi Note 7	R$ 697	https://www.kimovil.com/en/where-to-buy-xiaomi-redmi-note-7-4gb-64gb
UMIDIGI S3 Pro	R$ 1,048	https://www.kimovil.com/en/where-to-buy-umidigi-s3-pro
Redmi Note 7	R$ 612	https://www.kimovil.com/en/where-to-buy-xiaomi-redmi-note-7-global
Redmi Note 7	R$ 709	https://www.kimovil.com/en/where-to-buy-xiaomi-redmi-note-7-global-64gb
Redmi Note 7	R$ 764	https://www.kimovil.com/en/where-to-buy-xiaomi-redmi-note-7-global-4gb-128gb
Oppo R17 Pro	R$ 3,221	https://www.kimovil.com/en/where-to-buy-oppo-r17-pro
Samsung Galaxy Note 9	R$ 3,493	https://www.kimovil.com/en/where-to-buy-samsung-galaxy-note-9-8gb-512gb-eu-n960fd
Pocophone F1	R$ 1,900	https://www.kimovil.com/en/where-to-buy-xiaomi-poco-f1-armoured-edition
Asus Zenfone 5z	R$ 1,767	https://www.kimovil.com/en/where-to-buy-asus-zenfone-5z-zs620kl-va
Nokia X7	R$ 957	https://www.kimovil.com/en/where-to-buy-nokia-x7
Huawei Mate 20	--	https://www.kimovil.com/en/where-to-buy-huawei-mate-20-single-sim
Huawei Mate 20	R$ 1,749	https://www.kimovil.com/en/where-to-buy-huawei-mate-20-al00
Samsung Galaxy S9+	R$ 2,565	https://www.kimovil.com/en/where-to-buy-samsung-galaxy-s9-plus-eu
Samsung Galaxy S9+	R$ 2,727	https://www.kimovil.com/en/where-to-buy-samsung-galaxy-s9-plus-g965-6gb-128gb
Samsung Galaxy S9+	--	https://www.kimovil.com/en/where-to-buy-samsung-galaxy-s9-plus-g965-6gb-256gb
Redmi Note 7	R$ 736	https://www.kimovil.com/en/where-to-buy-xiaomi-redmi-note-7-cn-4gb-128gb
Huawei P30	R$ 2,980	https://www.kimovil.com/en/where-to-buy-huawei-p30-8gb-256gb-al00
Asus ZenFone 6	R$ 2,169	https://www.kimovil.com/en/where-to-buy-asus-zenfone-6
Xiaomi Mi MIX 2	R$ 1,785	https://www.kimovil.com/en/where-to-buy-xiaomi-mi-mix-2-6gb-256gb
Xiaomi Mi MIX 2	R$ 1,358	https://www.kimovil.com/en/where-to-buy-xiaomi-mi-mix-2-6gb-128gb
Xiaomi Mi MIX 2	R$ 1,569	https://www.kimovil.com/en/where-to-buy-xiaomi-mi-mix-2-special-edition
Google Pixel 2 XL	R$ 1,434	https://www.kimovil.com/en/where-to-buy-google-pixel-2-xl
Huawei Mate 10	R$ 2,479	https://www.kimovil.com/en/where-to-buy-huawei-mate-10-6gb-128gb
Google Pixel 2 XL	R$ 1,453	https://www.kimovil.com/en/where-to-buy-google-pixel-2-xl-128gb
Vivo NEX S	R$ 2,092	https://www.kimovil.com/en/where-to-buy-vivo-nex-ultimate
HTC U12+	R$ 2,548	https://www.kimovil.com/en/where-to-buy-htc-u12-plus-6gb-128gb
Samsung Galaxy Note 9	--	https://www.kimovil.com/en/where-to-buy-samsung-galaxy-note-9-8gb-eu
Samsung Galaxy S7 Edge	R$ 1,264	https://www.kimovil.com/en/where-to-buy-samsung-galaxy-s7-edgesm-g9350-dual
Nokia X7	R$ 1,222	https://www.kimovil.com/en/where-to-buy-nokia-x7-ta-1131-6gb-64gb
Nokia X7	R$ 1,262	https://www.kimovil.com/en/where-to-buy-nokia-x7-ta-1131-6gb-128gb
Lenovo Z5 Pro	R$ 1,041	https://www.kimovil.com/en/where-to-buy-lenovo-z5-pro
Nubia Red Magic Mars	R$ 1,374	https://www.kimovil.com/en/where-to-buy-nubia-red-magic-mars
UMIDIGI F1	R$ 610	https://www.kimovil.com/en/where-to-buy-umidigi-f1
Huawei nova 4	R$ 1,677	https://www.kimovil.com/en/where-to-buy-huawei-nova-4-high
Redmi Note 7	R$ 795	https://www.kimovil.com/en/where-to-buy-xiaomi-redmi-note-7-6gb-64gb
Samsung Galaxy S10 Plus	--	https://www.kimovil.com/en/where-to-buy-samsung-galaxy-s10-plus-sm-g975u-1tb
Meizu Note 9	R$ 760	https://www.kimovil.com/en/where-to-buy-meizu-note-9-6gb-64gb
Xiaomi Mi 9	R$ 3,338	https://www.kimovil.com/en/where-to-buy-xiaomi-mi-9-8gb-128gb-global
Asus ZenFone 4 Pro	R$ 2,135	https://www.kimovil.com/en/where-to-buy-asus-zenfone-4-pro-64gb
Xiaomi Redmi Note 6 Pro	R$ 586	https://www.kimovil.com/en/where-to-buy-xiaomi-redmi-note-6-pro
Xiaomi Redmi Note 6 Pro	R$ 630	https://www.kimovil.com/en/where-to-buy-xiaomi-redmi-note-6-pro-64gb
LG V40 ThinQ	--	https://www.kimovil.com/en/where-to-buy-lg-v40-thinq
Xiaomi Mi8 Lite	R$ 889	https://www.kimovil.com/en/where-to-buy-xiaomi-mi8-lite-global
Huawei Mate 20 PRO	R$ 3,170	https://www.kimovil.com/en/where-to-buy-huawei-mate-20-pro-8gb-128gb-al10
Xiaomi Mi8 Lite	R$ 693	https://www.kimovil.com/en/where-to-buy-xiaomi-mi8-lite-global-64gb
LG V30S	--	https://www.kimovil.com/en/where-to-buy-lg-v30s
Asus Zenfone 5z	R$ 1,990	https://www.kimovil.com/en/where-to-buy-asus-zenfone-5z
Xiaomi Mi Mix 2s	R$ 2,915	https://www.kimovil.com/en/where-to-buy-xiaomi-mi-mix-2s-256gb
LG G6	R$ 1,900	https://www.kimovil.com/en/where-to-buy-lg-g6-h870ds-32gb
Nubia Z18	R$ 1,546	https://www.kimovil.com/en/where-to-buy-nubia-z18
Meizu 15 Plus	R$ 1,240	https://www.kimovil.com/en/where-to-buy-meizu-15-plus-64gb-global
Meizu Note 9	R$ 756	https://www.kimovil.com/en/where-to-buy-meizu-note-9-global
Huawei P30 Pro	--	https://www.kimovil.com/en/where-to-buy-huawei-p30-pro-single-sim
Huawei P30 Pro	R$ 4,966	https://www.kimovil.com/en/where-to-buy-huawei-p30-pro-8gb-512gb
Huawei P30	R$ 3,105	https://www.kimovil.com/en/where-to-buy-huawei-p30-8gb-128gb
LG V40 ThinQ	--	https://www.kimovil.com/en/where-to-buy-lg-v40-thinq-dual-sim
Huawei P30 Pro	R$ 4,040	https://www.kimovil.com/en/where-to-buy-huawei-p30-pro-8gb-256gb-al00
Asus Zenfone 5z	R$ 2,899	https://www.kimovil.com/en/where-to-buy-asus-zenfone-5z-zs620kl-va-8gb-256gb
Samsung Galaxy Note 8	--	https://www.kimovil.com/en/where-to-buy-samsung-galaxy-note-8
LG V30	--	https://www.kimovil.com/en/where-to-buy-lg-v30
Xiaomi Mi Note 3	R$ 797	https://www.kimovil.com/en/where-to-buy-xiaomi-mi-note-3-128gb
Huawei Mate 10 Pro	--	https://www.kimovil.com/en/where-to-buy-huawei-mate-10-pro-l09
Huawei Mate 10 Pro	R$ 1,812	https://www.kimovil.com/en/where-to-buy-huawei-mate-10-pro
LG V30	R$ 1,562	https://www.kimovil.com/en/where-to-buy-lg-v30-plus
LG G6	R$ 1,387	https://www.kimovil.com/en/where-to-buy-lg-g6eu-lgh870-dualsim
Samsung Galaxy S8+	R$ 2,386	https://www.kimovil.com/en/where-to-buy-samsung-galaxy-s8-plus-6gb-128gb
Samsung Galaxy S7 Edge	R$ 1,752	https://www.kimovil.com/en/where-to-buy-samsung-galaxy-s7-edge-eu
Xiaomi Black Shark Helo	R$ 1,768	https://www.kimovil.com/en/where-to-buy-xiaomi-black-shark-helo
Xiaomi Black Shark Helo	R$ 1,851	https://www.kimovil.com/en/where-to-buy-xiaomi-black-shark-helo-8gb
Huawei Honor Magic 2	R$ 1,785	https://www.kimovil.com/en/where-to-buy-huawei-honor-magic-2-8gb-tny-tl00
Lenovo Z5 Pro	R$ 1,157	https://www.kimovil.com/en/where-to-buy-lenovo-z5-pro-128gb
Vivo NEX Dual Display	R$ 2,682	https://www.kimovil.com/en/where-to-buy-vivo-nex-dual-display
Lenovo Z5 Pro GT	R$ 2,665	https://www.kimovil.com/en/where-to-buy-lenovo-z5-pro-gt-8gb-256gb
UMIDIGI F1	R$ 699	https://www.kimovil.com/en/where-to-buy-umidigi-f1-global
Meizu Note 9	R$ 747	https://www.kimovil.com/en/where-to-buy-meizu-note-9
Redmi Note 7	R$ 1,083	https://www.kimovil.com/en/where-to-buy-xiaomi-redmi-note-7-cn-128gb
Oppo F11 Pro	--	https://www.kimovil.com/en/where-to-buy-oppo-f11-pro
Vivo iQoo	R$ 1,902	https://www.kimovil.com/en/where-to-buy-vivo-iqoo
Xiaomi Mi8 Lite	R$ 678	https://www.kimovil.com/en/where-to-buy-xiaomi-mi8-lite
Xiaomi Mi8 Lite	R$ 799	https://www.kimovil.com/en/where-to-buy-xiaomi-mi8-lite-6gb
Xiaomi Mi8 Lite	R$ 977	https://www.kimovil.com/en/where-to-buy-xiaomi-mi8-lite6gb-128gb
Ulefone Armor 3	R$ 912	https://www.kimovil.com/en/where-to-buy-ulefone-armor-3
Nokia 8.1	R$ 1,389	https://www.kimovil.com/en/where-to-buy-nokia-8-1
Razer Phone 2	R$ 2,435	https://www.kimovil.com/en/where-to-buy-razer-phone-2
Huawei Mate 20	R$ 2,738	https://www.kimovil.com/en/where-to-buy-huawei-mate-20-6gb-128gb-al00
Huawei Honor Magic 2	R$ 1,682	https://www.kimovil.com/en/where-to-buy-huawei-honor-magic-2
Asus Zenfone 5	R$ 1,019	https://www.kimovil.com/en/where-to-buy-asus-zenfone-5-ze620kl
Meizu 15 Plus	R$ 1,956	https://www.kimovil.com/en/where-to-buy-meizu-15-plus-6gb-128gb
UMIDIGI Z2 Pro	R$ 776	https://www.kimovil.com/en/where-to-buy-umidigi-z2-pro
Meizu 15 Plus	R$ 2,212	https://www.kimovil.com/en/where-to-buy-meizu-15-plus-6gb-128gb-global
Meizu Note 9	R$ 910	https://www.kimovil.com/en/where-to-buy-meizu-note-9m923h-4gb-128gb-global
Huawei P30 Pro	R$ 4,530	https://www.kimovil.com/en/where-to-buy-huawei-p30-pro-8gb-512gb-al00
Google Pixel 3a XL	--	https://www.kimovil.com/en/where-to-buy-google-pixel-3a-xl-g020c
UMIDIGI A5 Pro	R$ 398	https://www.kimovil.com/en/where-to-buy-umidigi-a5-pro
Asus ZenFone 6	R$ 2,542	https://www.kimovil.com/en/where-to-buy-asus-zenfone-6eu-6gb-128gb
Asus Zenfone 5z	R$ 2,199	https://www.kimovil.com/en/where-to-buy-asus-zenfone-5z-zs620kl-va-4gb-64gb
Samsung Galaxy Note 8	--	https://www.kimovil.com/en/where-to-buy-samsung-galaxy-note-8-usa
Samsung Galaxy Note 8	R$ 2,159	https://www.kimovil.com/en/where-to-buy-samsung-galaxy-note-8-dual-sim
Xiaomi Mi Note 3	R$ 788	https://www.kimovil.com/en/where-to-buy-xiaomi-mi-note-3
Huawei Mate 10 Pro	--	https://www.kimovil.com/en/where-to-buy-huawei-mate-10-pro-l29
Huawei Mate 10	--	https://www.kimovil.com/en/where-to-buy-huawei-mate-10-porsche-design
OnePlus 5	R$ 1,690	https://www.kimovil.com/en/where-to-buy-oneplus-5-a5000-plus
Vivo NEX S	R$ 3,414	https://www.kimovil.com/en/where-to-buy-vivo-nex-ultimate-8gb-256gb
Asus Zenfone 5z	R$ 2,422	https://www.kimovil.com/en/where-to-buy-asus-zenfone-5z-zs620kl-vc-6gb-128gb
Ulefone Armor 3T	R$ 990	https://www.kimovil.com/en/where-to-buy-ulefone-armor-3t-antena
Nubia X	R$ 1,772	https://www.kimovil.com/en/where-to-buy-nubia-x-128gb
Oppo R17 Pro	--	https://www.kimovil.com/en/where-to-buy-oppo-r17-pro-6gb
Nubia Red Magic Mars	R$ 1,874	https://www.kimovil.com/en/where-to-buy-nubia-red-magic-mars-8gb-128gb
Oneplus 6T	R$ 3,982	https://www.kimovil.com/en/where-to-buy-oneplus-6t-mclaren-eu
Sony Xperia XZ3	R$ 2,314	https://www.kimovil.com/en/where-to-buy-sony-xperia-xz3-h9493
Asus ZenFone Max Pro (M2)	--	https://www.kimovil.com/en/where-to-buy-asus-zenfone-max-pro-m2
Nokia 8.1	--	https://www.kimovil.com/en/where-to-buy-nokia-8-1-india
Vivo V15 Pro	R$ 1,577	https://www.kimovil.com/en/where-to-buy-vivo-v15-pro
Lenovo S5 Pro	R$ 629	https://www.kimovil.com/en/where-to-buy-lenovo-s5-pro-6gb-128gb
Vivo iQOO	R$ 2,251	https://www.kimovil.com/en/where-to-buy-vivo-iqoo-8gb-128gb
Meizu Note 9	R$ 1,125	https://www.kimovil.com/en/where-to-buy-meizu-note-9-128gb
Oppo F11 Pro	--	https://www.kimovil.com/en/where-to-buy-oppo-f11-6gb-64gb
Google Pixel 3 XL	R$ 2,951	https://www.kimovil.com/en/where-to-buy-google-pixel-3-xl
Lenovo S5 Pro	R$ 647	https://www.kimovil.com/en/where-to-buy-lenovo-s5-pro
Huawei Mate 20 PRO	R$ 3,614	https://www.kimovil.com/en/where-to-buy-huawei-mate-20-pro-8gb-256gb-al10
Sony Xperia XZ2 Premium	R$ 1,992	https://www.kimovil.com/en/where-to-buy-sony-xperia-xz2-premium
Samsung Galaxy S9+	--	https://www.kimovil.com/en/where-to-buy-samsung-galaxy-s9-plus-6gb-256gb
UMIDIGI Z2	R$ 523	https://www.kimovil.com/en/where-to-buy-umidigi-z2
Nubia Z18	R$ 1,743	https://www.kimovil.com/en/where-to-buy-nubia-z18-8gb-128gb
Huawei Honor 10	R$ 983	https://www.kimovil.com/en/where-to-buy-huawei-honor-10-eu-128gb
Vivo V15 Pro	--	https://www.kimovil.com/en/where-to-buy-vivo-v15-pro-india
Oppo Reno	--	https://www.kimovil.com/en/where-to-buy-oppo-reno
Oppo Reno	--	https://www.kimovil.com/en/where-to-buy-oppo-reno-8gb-256gb-global-v3
Vivo V15 Pro	R$ 1,577	https://www.kimovil.com/en/where-to-buy-vivo-v15-pro-global
Vivo V15 Pro	--	https://www.kimovil.com/en/where-to-buy-vivo-v15-pro-india-8gb-128gb
Realme X Lite	R$ 1,087	https://www.kimovil.com/en/where-to-buy-realme-x-lite-6gb-64gb
Nokia 8.1	--	https://www.kimovil.com/en/where-to-buy-nokia-8-1-india-6gb-128gb
LG G6	R$ 1,352	https://www.kimovil.com/en/where-to-buy-lg-g6lgh870ds-128gb
Xiaomi Mi6	--	https://www.kimovil.com/en/where-to-buy-xiaomi-mi66gb-64gb-global
Asus ZenFone 4 ZE554KL	R$ 658	https://www.kimovil.com/en/where-to-buy-asus-zenfone-4-ze554kl-sd660
Huawei Mate 10 Pro	R$ 3,085	https://www.kimovil.com/en/where-to-buy-huawei-mate-10-pro-128gb
Xiaomi Mi Note 3	R$ 871	https://www.kimovil.com/en/where-to-buy-xiaomi-mi-note-34gb-64gb
LG G6	R$ 2,999	https://www.kimovil.com/en/where-to-buy-lg-g6
Xiaomi Mi6	R$ 1,280	https://www.kimovil.com/en/where-to-buy-xiaomi-mi-6
OnePlus 5	R$ 1,287	https://www.kimovil.com/en/where-to-buy-oneplus-5
Huawei Honor Play	R$ 910	https://www.kimovil.com/en/where-to-buy-huawei-honor-play-6gb
Samsung Galaxy A8s	R$ 1,182	https://www.kimovil.com/en/where-to-buy-samsung-galaxy-a8s
Huawei nova 4	R$ 1,304	https://www.kimovil.com/en/where-to-buy-huawei-nova-4
Lenovo Z5s	R$ 745	https://www.kimovil.com/en/where-to-buy-lenovo-z5s
Huawei Nova 3	--	https://www.kimovil.com/en/where-to-buy-huawei-nova-3l29-4gb-128gb
Huawei Mate 20 PRO	R$ 3,881	https://www.kimovil.com/en/where-to-buy-huawei-mate-20-pro-256gb-l29
Xiaomi Redmi Note 6 Pro	--	https://www.kimovil.com/en/where-to-buy-xiaomi-redmi-note-6-pro-tw-4gb-64gb
Asus ZenFone Max Pro (M2)	--	https://www.kimovil.com/en/where-to-buy-asus-zenfone-max-pro-m2-zb631kl-4gb-64gb
LG V40 ThinQ	--	https://www.kimovil.com/en/where-to-buy-lg-v40-thinq-korea
Redmi Note 7	--	https://www.kimovil.com/en/where-to-buy-xiaomi-redmi-note-7-india
Oppo F11	--	https://www.kimovil.com/en/where-to-buy-oppo-f11
UMIDIGI Z2	R$ 621	https://www.kimovil.com/en/where-to-buy-umidigi-z2-special-edition
Asus Zenfone 5	R$ 1,236	https://www.kimovil.com/en/where-to-buy-asus-zenfone-5-ze620kl-vc
Sony Xperia XZ3	R$ 4,112	https://www.kimovil.com/en/where-to-buy-sony-xperia-xz3
Nubia X	R$ 1,851	https://www.kimovil.com/en/where-to-buy-nubia-x
Realme 2 Pro	--	https://www.kimovil.com/en/where-to-buy-realme-2-pro
Realme 2 Pro	--	https://www.kimovil.com/en/where-to-buy-realme-2-pro-6gb-64gb
Realme 2 Pro	--	https://www.kimovil.com/en/where-to-buy-realme-2-pro-128gb
Google Pixel 3 XL	R$ 3,476	https://www.kimovil.com/en/where-to-buy-google-pixel-3-xl-128gb
Xiaomi Mi Max 3	R$ 889	https://www.kimovil.com/en/where-to-buy-xiaomi-mi-max-3global-4gb-64gb-cn
Asus ZenFone 4 Pro	R$ 1,842	https://www.kimovil.com/en/where-to-buy-asus-zenfone-4-pro
Xiaomi Mi Max 3	R$ 893	https://www.kimovil.com/en/where-to-buy-xiaomi-mi-max-3
Meizu 15 Plus	R$ 1,739	https://www.kimovil.com/en/where-to-buy-meizu-15-plus
Xiaomi Redmi Note 5	R$ 599	https://www.kimovil.com/en/where-to-buy-xiaomi-redmi-note-5-6gb-64gb
Asus ZenFone 4 ZE554KL	R$ 709	https://www.kimovil.com/en/where-to-buy-asus-zenfone-4-ze554kl-cn-sd660
Asus ZenFone 4 ZE554KL	R$ 544	https://www.kimovil.com/en/where-to-buy-asus-zenfone-4-ze554kl-tw-sd630-2
Huawei Honor 10	R$ 1,083	https://www.kimovil.com/en/where-to-buy-huawei-honor-10
Huawei Honor 10	R$ 1,284	https://www.kimovil.com/en/where-to-buy-huawei-honor-10-eu-64gb
Redmi Note 7	--	https://www.kimovil.com/en/where-to-buy-xiaomi-redmi-note-7-in-4gb-64gb
Samsung Galaxy A70	R$ 1,353	https://www.kimovil.com/en/where-to-buy-samsung-galaxy-a70
Ulefone Armor 6E	R$ 775	https://www.kimovil.com/en/where-to-buy-ulefone-armor-6e
Realme 3 Pro	--	https://www.kimovil.com/en/where-to-buy-realme-3-pro-6gb-64gb
Realme X Lite	R$ 1,009	https://www.kimovil.com/en/where-to-buy-realme-x-lite
Wiko View 3 pro	--	https://www.kimovil.com/en/where-to-buy-wiko-view-3-pro
Realme X Lite	R$ 1,242	https://www.kimovil.com/en/where-to-buy-realme-x-lite-6gb-128gb
Wiko View 3 pro	R$ 986	https://www.kimovil.com/en/where-to-buy-wiko-view-3-pro-4gb-64gb
Asus Zenfone 5z	R$ 2,443	https://www.kimovil.com/en/where-to-buy-asus-zenfone-5z-zs620kl-va-6gb-128gb
Asus ZenFone 4 ZE554KL	R$ 543	https://www.kimovil.com/en/where-to-buy-asus-zenfone-4-ze554kl
Samsung Galaxy Note 8	R$ 2,564	https://www.kimovil.com/en/where-to-buy-samsung-galaxy-note-8n-950fd-dual-sim-128gb
Oppo R11s Plus	R$ 1,222	https://www.kimovil.com/en/where-to-buy-oppo-r11s-plus
HTC U11+	R$ 1,875	https://www.kimovil.com/en/where-to-buy-htc-u11-plus
Smartisan Nut Pro 2	R$ 881	https://www.kimovil.com/en/where-to-buy-smartisan-nut-pro-2-4gb-64gb
Smartisan Nut Pro 2	R$ 1,014	https://www.kimovil.com/en/where-to-buy-smartisan-nut-pro-2-6gb-64gb
Xiaomi Mi6	R$ 1,373	https://www.kimovil.com/en/where-to-buy-xiaomi-mi6-4gb-64gb
Vivo NEX	R$ 2,331	https://www.kimovil.com/en/where-to-buy-vivo-nex
Huawei Honor Note 10	R$ 1,213	https://www.kimovil.com/en/where-to-buy-huawei-honor-note-10
Huawei Honor Note 10	R$ 1,209	https://www.kimovil.com/en/where-to-buy-huawei-honor-note-10-6gb-128gb-al00
Google Pixel XL	R$ 760	https://www.kimovil.com/en/where-to-buy-google-pixel-xl
Google Pixel XL	R$ 1,439	https://www.kimovil.com/en/where-to-buy-google-pixel-xl128gb
Xiaomi Mi Note 2	R$ 721	https://www.kimovil.com/en/where-to-buy-xiaomi-mi-note-2
Huawei Mate 9	R$ 1,825	https://www.kimovil.com/en/where-to-buy-huawei-mate-9-al00-4gb-64gb
Vivo NEX	--	https://www.kimovil.com/en/where-to-buy-vivo-nex-a-8gb-128gb
Huawei P9 Plus	--	https://www.kimovil.com/en/where-to-buy-huawei-p9-plus
Meizu Note 8	R$ 524	https://www.kimovil.com/en/where-to-buy-meizu-note-8-global
Huawei Honor Magic 2	R$ 3,532	https://www.kimovil.com/en/where-to-buy-huawei-honor-magic-2-8gb-256gb-tny-tl00
Nubia X	--	https://www.kimovil.com/en/where-to-buy-nubia-x-256gb
Xiaomi Redmi Note 6 Pro	--	https://www.kimovil.com/en/where-to-buy-xiaomi-redmi-note-6-pro-6gb-64gb-in
Xiaomi Redmi Note 6 Pro	--	https://www.kimovil.com/en/where-to-buy-xiaomi-redmi-note-6-pro-india
Lenovo Z5s	R$ 851	https://www.kimovil.com/en/where-to-buy-lenovo-z5s-6gb-64gb
Oppo RX17 Pro	R$ 2,347	https://www.kimovil.com/en/where-to-buy-oppo-rx17-pro
Vivo iQoo	R$ 2,794	https://www.kimovil.com/en/where-to-buy-vivo-iqoo-8gb-256gb
Blackview BV9500	R$ 1,335	https://www.kimovil.com/en/where-to-buy-blackview-bv9500-pro
Huawei Honor Play	R$ 953	https://www.kimovil.com/en/where-to-buy-huawei-honor-play-l29
Asus Zenfone 5	R$ 1,699	https://www.kimovil.com/en/where-to-buy-asus-zenfone-5-ze620kl-vb-4gb-128gb
Samsung Galaxy A9 (2018)	R$ 1,491	https://www.kimovil.com/en/where-to-buy-samsung-galaxy-a9-2018
Huawei Honor 8x	R$ 713	https://www.kimovil.com/en/where-to-buy-huawei-honor-8x-l29
Xiaomi Mi Max 3	R$ 1,129	https://www.kimovil.com/en/where-to-buy-xiaomi-mi-max-3-6gb-128gb
Xiaomi Redmi Note 5	R$ 578	https://www.kimovil.com/en/where-to-buy-xiaomi-redmi-note-5-4gb-64gb
Nokia 7 Plus	R$ 839	https://www.kimovil.com/en/where-to-buy-nokia-7-plus
Xiaomi Redmi Note 5	R$ 591	https://www.kimovil.com/en/where-to-buy-xiaomi-redmi-note-5-global-64gb
Huawei P20	--	https://www.kimovil.com/en/where-to-buy-huawei-p20
Nokia 7 Plus	R$ 1,107	https://www.kimovil.com/en/where-to-buy-nokia-7-plus-global
Xiaomi Redmi Note 5	R$ 540	https://www.kimovil.com/en/where-to-buy-xiaomi-redmi-note-5-32gb
Huawei P20	R$ 1,678	https://www.kimovil.com/en/where-to-buy-huawei-p20-6gb-64gb
Huawei P20 Pro	R$ 3,522	https://www.kimovil.com/en/where-to-buy-huawei-p20-pro-al00-6gb-256gb
Asus ZenFone 4 ZE554KL	R$ 680	https://www.kimovil.com/en/where-to-buy-asus-zenfone-4-ze554kl-cn
Asus ZenFone 4 ZE554KL	R$ 967	https://www.kimovil.com/en/where-to-buy-asus-zenfone-4-ze554kl-tw-sd660
Nubia Z18 Mini	R$ 890	https://www.kimovil.com/en/where-to-buy-nubia-z18-mini
Xiaomi Black Shark	R$ 1,374	https://www.kimovil.com/en/where-to-buy-xiaomi-black-shark
Huawei Honor 10	R$ 1,287	https://www.kimovil.com/en/where-to-buy-huawei-honor-10-6gb-128gb
Xiaomi Mi Mix 2s	--	https://www.kimovil.com/en/where-to-buy-xiaomi-mi-mix-2s-6gb-256gb
Nubia Red Magic	R$ 1,441	https://www.kimovil.com/en/where-to-buy-nubia-red-magic-8gb-128gb
Lenovo Z5	R$ 583	https://www.kimovil.com/en/where-to-buy-lenovo-z5
Huawei P30 Lite	R$ 1,397	https://www.kimovil.com/en/where-to-buy-huawei-p30-lite-6gb
Xiaomi Redmi Note 6 Pro	--	https://www.kimovil.com/en/where-to-buy-xiaomi-redmi-note-6-pro-3gb-32gb-in
Oppo Reno	R$ 2,484	https://www.kimovil.com/en/where-to-buy-oppo-reno-pacm00-6gb-128gb
Lenovo Z5s	R$ 768	https://www.kimovil.com/en/where-to-buy-lenovo-z5s-global
Realme 3 Pro	--	https://www.kimovil.com/en/where-to-buy-realme-3-pro
Samsung Galaxy A70	R$ 1,518	https://www.kimovil.com/en/where-to-buy-samsung-galaxy-a70-8gb
Realme 3 Pro	--	https://www.kimovil.com/en/where-to-buy-realme-3-pro-6gb-128gb
Google Pixel 3a XL	--	https://www.kimovil.com/en/where-to-buy-google-pixel-3a-xl
Wiko View 3 pro	R$ 1,045	https://www.kimovil.com/en/where-to-buy-wiko-view-3-pro-3gb-32gb
Xiaomi Redmi Note 5	R$ 486	https://www.kimovil.com/en/where-to-buy-xiaomi-redmi-note-5
Samsung Galaxy Note 8	R$ 2,575	https://www.kimovil.com/en/where-to-buy-samsung-galaxy-note-8n-950fd-dual-sim-256gb
Asus ZenFone 3 Zoom ZE553KL	R$ 699	https://www.kimovil.com/en/where-to-buy-asus-zenfone-3-zoom-ze553kl
Huawei P10 Plus	R$ 2,600	https://www.kimovil.com/en/where-to-buy-huawei-p10-plus-128gb
Xiaomi Mi6	R$ 1,739	https://www.kimovil.com/en/where-to-buy-xiaomi-mi-6-6gb-128gb
Samsung Galaxy A9 Star	R$ 925	https://www.kimovil.com/en/where-to-buy-samsung-galaxy-a9-star
Lenovo Z5	R$ 587	https://www.kimovil.com/en/where-to-buy-lenovo-z5-128gb
Huawei Nova 3	R$ 1,355	https://www.kimovil.com/en/where-to-buy-huawei-nova-3
Blackview BV9500	R$ 995	https://www.kimovil.com/en/where-to-buy-blackview-bv9500
Xiaomi Redmi Note 5	R$ 1,249	https://www.kimovil.com/en/where-to-buy-xiaomi-redmi-note-5-6gb-128gb
Huawei Honor 10	R$ 1,225	https://www.kimovil.com/en/where-to-buy-huawei-honor-10-4gb-128gb
Samsung Galaxy Note 9	--	https://www.kimovil.com/en/where-to-buy-samsung-galaxy-note-9-us-512
Huawei Mate 9	R$ 2,103	https://www.kimovil.com/en/where-to-buy-huawei-mate-9
Huawei Mate 9	R$ 1,738	https://www.kimovil.com/en/where-to-buy-huawei-mate-9-4gb-32gb
Samsung Galaxy S7 Edge	R$ 1,882	https://www.kimovil.com/en/where-to-buy-samsung-galaxy-s7-edge-dual-128gb
Huawei Mate 8	R$ 1,639	https://www.kimovil.com/en/where-to-buy-huawei-mate-8al10-4gb-64gb
Meizu Note 8	R$ 517	https://www.kimovil.com/en/where-to-buy-meizu-note-8
Oppo RX17 Neo	R$ 1,417	https://www.kimovil.com/en/where-to-buy-oppo-r17-neo
Samsung Galaxy A9 (2018)	--	https://www.kimovil.com/en/where-to-buy-samsung-galaxy-a9-2018-8gb-128gb
UMIDIGI One Max	R$ 660	https://www.kimovil.com/en/where-to-buy-umidigi-one-max
Realme U1	--	https://www.kimovil.com/en/where-to-buy-realme-u1
Meizu Note 8	R$ 516	https://www.kimovil.com/en/where-to-buy-meizu-note-8-m822q-32gb
Huawei P Smart 2019	R$ 886	https://www.kimovil.com/en/where-to-buy-huawei-p-smart-2019
Huawei Honor 10 Lite	R$ 674	https://www.kimovil.com/en/where-to-buy-huawei-honor-10-lite-l29
Xiaomi Redmi Note 6 Pro	--	https://www.kimovil.com/en/where-to-buy-xiaomi-redmi-note-6-pro-tw-3gb-32gb
Asus ZenFone Max Pro (M2)	R$ 1,324	https://www.kimovil.com/en/where-to-buy-asus-zenfone-max-pro-m2-zb631kl-6gb-64gb
LG V40 ThinQ	--	https://www.kimovil.com/en/where-to-buy-lg-v40-thinq-us
Vivo iQOO	R$ 3,338	https://www.kimovil.com/en/where-to-buy-vivo-iqoo-12gb-256gb
Huawei Honor 10 Lite	R$ 662	https://www.kimovil.com/en/where-to-buy-huawei-honor-10-lite-lx1-3gb-32gb
Huawei Honor 8x	R$ 666	https://www.kimovil.com/en/where-to-buy-huawei-8x
Vivo V11 Pro	--	https://www.kimovil.com/en/where-to-buy-vivo-v11-pro
Vivo V11	R$ 1,380	https://www.kimovil.com/en/where-to-buy-vivo-v11
Huawei Honor 8x	R$ 1,002	https://www.kimovil.com/en/where-to-buy-huawei-honor-8x-6gb-64gb-al00
Huawei Honor 8x	R$ 1,004	https://www.kimovil.com/en/where-to-buy-huawei-honor-8x-6gb-128gb-al00
Oppo F9	--	https://www.kimovil.com/en/where-to-buy-oppo-f9-4gb-64gb
Xiaomi Black Shark	R$ 2,212	https://www.kimovil.com/en/where-to-buy-xiaomi-black-shark8gb-128gb-global
Xiaomi Black Shark	R$ 1,525	https://www.kimovil.com/en/where-to-buy-xiaomi-black-shark6gb-64gb-global
Huawei Honor 8x	R$ 931	https://www.kimovil.com/en/where-to-buy-huawei-honor-8x-l21-128gb
Oppo K1	R$ 1,125	https://www.kimovil.com/en/where-to-buy-oppo-k1
Meizu E3	R$ 877	https://www.kimovil.com/en/where-to-buy-meizu-e3
Huawei Honor V10	R$ 1,397	https://www.kimovil.com/en/where-to-buy-huawei-honor-v10-al20-4gb-128gb
Asus ZenFone 4 ZE554KL	R$ 819	https://www.kimovil.com/en/where-to-buy-asus-zenfone-4-ze554kl-ww-sd660
Xiaomi Black Shark	R$ 1,945	https://www.kimovil.com/en/where-to-buy-xiaomi-black-shark-128gb
Asus ZenFone Max Pro (M1)	R$ 889	https://www.kimovil.com/en/where-to-buy-asus-zenfone-max-pro-m1
Nubia Z18 Mini	R$ 1,034	https://www.kimovil.com/en/where-to-buy-nubia-z18-mini-6gb-128gb
Samsung Galaxy A50	R$ 1,367	https://www.kimovil.com/en/where-to-buy-samsung-galaxy-a50-6gb-128gb-a505fd
Huawei P30 Lite	R$ 1,262	https://www.kimovil.com/en/where-to-buy-huawei-p30-lite
Huawei Honor 8x	R$ 828	https://www.kimovil.com/en/where-to-buy-huawei-honor-8x-l22
Lenovo Z5s	R$ 944	https://www.kimovil.com/en/where-to-buy-lenovo-z5s-global-6gb-64gb
Samsung Galaxy A50	--	https://www.kimovil.com/en/where-to-buy-samsung-galaxy-a50-na
Oppo Reno	R$ 2,717	https://www.kimovil.com/en/where-to-buy-oppo-reno-256gb
Samsung Galaxy A8s	--	https://www.kimovil.com/en/where-to-buy-samsung-galaxy-a8s-4gb-128gb
Huawei Honor 20i	R$ 945	https://www.kimovil.com/en/where-to-buy-huawei-honor-20i
Huawei Honor 20 Lite	--	https://www.kimovil.com/en/where-to-buy-huawei-honor-20-lite
Motorola One Vision	R$ 1,699	https://www.kimovil.com/en/where-to-buy-motorola-moto-one-vision
Huawei P30	R$ 4,340	https://www.kimovil.com/en/where-to-buy-huawei-p30-8gb-256gb-l29
Lenovo Z6 Youth Edition	R$ 701	https://www.kimovil.com/en/where-to-buy-lenovo-z6-youth-edition
Smartisan Nut Pro 2	R$ 1,269	https://www.kimovil.com/en/where-to-buy-smartisan-nut-pro-2
Huawei Nova 2s	R$ 838	https://www.kimovil.com/en/where-to-buy-huawei-nova-2s
LeEco Le Max 3	R$ 714	https://www.kimovil.com/en/where-to-buy-leeco-le-max-3
Huawei P10 Plus	R$ 4,055	https://www.kimovil.com/en/where-to-buy-huawei-p10-plus-4gb-64gb
Asus ZenFone AR	--	https://www.kimovil.com/en/where-to-buy-asus-zenfone-ar
Oppo F9	--	https://www.kimovil.com/en/where-to-buy-oppo-f9
Oppo F9 Pro	--	https://www.kimovil.com/en/where-to-buy-oppo-f9-pro
Xiaomi Mi Mix	R$ 1,822	https://www.kimovil.com/en/where-to-buy-xiaomi-mi-mix-exclusive-edition
Huawei Mate 9	R$ 2,087	https://www.kimovil.com/en/where-to-buy-huawei-mate-9-al00-6gb-128gb
Huawei Mate 9 Pro	R$ 1,826	https://www.kimovil.com/en/where-to-buy-huawei-mate-9-pro
OnePlus 3T	R$ 1,658	https://www.kimovil.com/en/where-to-buy-oneplus-3t6gb-128gb-cn
Meizu Pro 6 Plus	R$ 745	https://www.kimovil.com/en/where-to-buy-meizu-pro-6-plus
Samsung Galaxy S6 Active	--	https://www.kimovil.com/en/where-to-buy-samsung-galaxy-s6-active
Huawei nova 4	--	https://www.kimovil.com/en/where-to-buy-huawei-nova-4-al00-6gb-128gb
Sony Xperia Z5 Premium	R$ 1,617	https://www.kimovil.com/en/where-to-buy-sony-xperia-z5-premium-dualsim
Huawei Enjoy Max	R$ 851	https://www.kimovil.com/en/where-to-buy-huawei-enjoy-max-ars-tl00-4gb-64gb
Lenovo K5 Pro	R$ 663	https://www.kimovil.com/en/where-to-buy-lenovo-k5-pro-6gb-128gb
Lenovo K5 Pro	R$ 554	https://www.kimovil.com/en/where-to-buy-lenovo-k5-pro-6gb-64gb
Poptel P60	R$ 1,025	https://www.kimovil.com/en/where-to-buy-poptel-p60
Huawei Honor 10 Lite	R$ 918	https://www.kimovil.com/en/where-to-buy-huawei-honor-10-lite
Leagoo S10	R$ 1,084	https://www.kimovil.com/en/where-to-buy-leagoo-s10
Lenovo S5 Pro GT	R$ 939	https://www.kimovil.com/en/where-to-buy-lenovo-s5-pro-gt
Lenovo S5 Pro GT	R$ 1,021	https://www.kimovil.com/en/where-to-buy-lenovo-s5-pro-gt-6gb
Sony Xperia XA2 Plus	R$ 1,091	https://www.kimovil.com/en/where-to-buy-sony-xperia-xa2-plus6gb-64gb
Ulefone Armor 6	R$ 1,156	https://www.kimovil.com/en/where-to-buy-ulefone-armor-6
Asus ZenFone Max (M2)	R$ 999	https://www.kimovil.com/en/where-to-buy-asus-zenfone-max-m2
Asus ZenFone Max (M2)	--	https://www.kimovil.com/en/where-to-buy-asus-zenfone-max-m2-64gb
Huawei Honor 8x	R$ 970	https://www.kimovil.com/en/where-to-buy-huawei-honor-8x4gb-128gb-al00
Huawei Honor 10 Lite	R$ 797	https://www.kimovil.com/en/where-to-buy-huawei-honor-10-lite-al00-3gb-32gb
Asus ZenFone Max (M2)	R$ 999	https://www.kimovil.com/en/where-to-buy-asus-zenfone-max-m2-4gb-32gb-zb633kl
Asus ZenFone Max Pro (M1)	--	https://www.kimovil.com/en/where-to-buy-asus-zenfone-max-pro-m1-india
Realme U1	--	https://www.kimovil.com/en/where-to-buy-realme-u1-4gb-64gb
Samsung Galaxy A30	R$ 939	https://www.kimovil.com/en/where-to-buy-samsung-galaxy-a30
Samsung Galaxy A50	R$ 1,777	https://www.kimovil.com/en/where-to-buy-samsung-galaxy-a50-a505fd-64gb
Samsung Galaxy A50	R$ 1,276	https://www.kimovil.com/en/where-to-buy-samsung-galaxy-a50
Huawei Honor 8x Max	R$ 756	https://www.kimovil.com/en/where-to-buy-huawei-honor-8x-max
Asus ZenFone 3 Zoom ZE553KL	R$ 1,000	https://www.kimovil.com/en/where-to-buy-asus-zenfone-3-zoom-ze553kl32gb
AGM X3	R$ 1,935	https://www.kimovil.com/en/where-to-buy-agm-x3
Huawei Enjoy 9 Plus	R$ 925	https://www.kimovil.com/en/where-to-buy-huawei-enjoy-9-plus
Doogee S80 Lite	R$ 924	https://www.kimovil.com/en/where-to-buy-doogee-s80-lite
Lenovo K5 Pro	R$ 512	https://www.kimovil.com/en/where-to-buy-lenovo-k5-pro
Huawei Honor V10	R$ 1,324	https://www.kimovil.com/en/where-to-buy-huawei-honor-v10-6gb-128gb-l09
Xiaomi Redmi Note 5 Pro	--	https://www.kimovil.com/en/where-to-buy-xiaomi-redmi-note-5-pro
Xiaomi Redmi Note 5 Pro	--	https://www.kimovil.com/en/where-to-buy-xiaomi-redmi-note-5-pro-6gb
Samsung Galaxy S9+	--	https://www.kimovil.com/en/where-to-buy-samsung-galaxy-s9-plus-6gb-128gb
Ulefone Power 5	R$ 893	https://www.kimovil.com/en/where-to-buy-ulefone-power5
Nubia Red Magic	R$ 1,339	https://www.kimovil.com/en/where-to-buy-nubia-red-magic
Asus ZenFone Max Pro (M1)	R$ 693	https://www.kimovil.com/en/where-to-buy-asus-zenfone-max-pro-m1-4gb-64gb
Vivo X27	R$ 2,717	https://www.kimovil.com/en/where-to-buy-vivo-x27-256gb
Huawei Honor 8x	R$ 1,107	https://www.kimovil.com/en/where-to-buy-huawei-honor-8x-4gb-128gb-l22
Huawei P Smart+ 2019	R$ 1,107	https://www.kimovil.com/en/where-to-buy-huawei-p-smart-plus-2019
Oppo Reno	R$ 2,950	https://www.kimovil.com/en/where-to-buy-oppo-reno-8gb-256gb
Huawei P30 Lite	--	https://www.kimovil.com/en/where-to-buy-huawei-p30-lite-lx3
Realme U1	--	https://www.kimovil.com/en/where-to-buy-realme-u1-3gb-64gb
Huawei P Smart Z	--	https://www.kimovil.com/en/where-to-buy-huawei-p-smart-z
Samsung Galaxy A40s	R$ 799	https://www.kimovil.com/en/where-to-buy-samsung-galaxy-a40s
Asus ZenFone Max Pro (M1)	R$ 731	https://www.kimovil.com/en/where-to-buy-asus-zenfone-max-pro-m1-va-6gb-64gb
Lenovo Z6 Youth Edition	R$ 1,048	https://www.kimovil.com/en/where-to-buy-lenovo-z6-youth-edition-cn-6gb-64gb
Meizu Pro 7 Plus	R$ 819	https://www.kimovil.com/en/where-to-buy-meizu-pro-7-plus
Huawei Honor V10	R$ 1,142	https://www.kimovil.com/en/where-to-buy-huawei-honor-v10
Huawei Honor V10	R$ 1,370	https://www.kimovil.com/en/where-to-buy-huawei-honor-v10-6gb-64gb
Huawei Honor V10	R$ 1,478	https://www.kimovil.com/en/where-to-buy-huawei-honor-v10-6gb-128gb
Asus ZenFone 3 Zoom ZE553KL	R$ 1,536	https://www.kimovil.com/en/where-to-buy-asus-zenfone-3-zoom-ze553kl-128
Huawei P10 Plus	R$ 1,772	https://www.kimovil.com/en/where-to-buy-huawei-p10-plus
LeEco Le 3 Pro	R$ 466	https://www.kimovil.com/en/where-to-buy-leeco-le-3-pro
Huawei P10 Plus	R$ 2,319	https://www.kimovil.com/en/where-to-buy-huawei-p10-plus-l29
Xiaomi Mi6	R$ 2,090	https://www.kimovil.com/en/where-to-buy-xiaomi-mi-6-exclusive-edition
Huawei Honor Play	R$ 1,196	https://www.kimovil.com/en/where-to-buy-huawei-honor-play
Xiaomi Mi A2 Lite	R$ 523	https://www.kimovil.com/en/where-to-buy-xiaomi-mi-a2-lite
Xiaomi Mi A2 Lite	R$ 575	https://www.kimovil.com/en/where-to-buy-xiaomi-mi-a2-lite-4gb-64gb
Xiaomi Mi A2 Lite	R$ 579	https://www.kimovil.com/en/where-to-buy-xiaomi-mi-a2-lite-4gb-32gb
Huawei Mate 20 Lite	R$ 970	https://www.kimovil.com/en/where-to-buy-huawei-mate-20-lite
Huawei Honor Note 10	R$ 1,894	https://www.kimovil.com/en/where-to-buy-huawei-honor-note-10-8gb-128gb-al09
Huawei Honor Play	R$ 1,118	https://www.kimovil.com/en/where-to-buy-huawei-honor-play-india
Xiaomi Mi5s Plus	R$ 1,059	https://www.kimovil.com/en/where-to-buy-xiaomi-mi5s-plus
Huawei Mate 9 Pro	R$ 2,065	https://www.kimovil.com/en/where-to-buy-huawei-mate-9-pro-6gb-128gb
Samsung Galaxy A30	--	https://www.kimovil.com/en/where-to-buy-samsung-galaxy-a30-a305g-3gb-32gb
Samsung Galaxy A30	--	https://www.kimovil.com/en/where-to-buy-samsung-galaxy-a30sm-a305g-3gb-64gb
Sony Xperia Z5 Premium	--	https://www.kimovil.com/en/where-to-buy-sony-xperia-z5-premium
Huawei Enjoy 9 Plus	R$ 1,004	https://www.kimovil.com/en/where-to-buy-huawei-enjoy-9-plus-al00-4gb-128gb-enjoy-9-plus
Asus ROG Phone	R$ 4,177	https://www.kimovil.com/en/where-to-buy-asus-rog-phone-128gb
AGM X3	R$ 2,237	https://www.kimovil.com/en/where-to-buy-agm-x3-8gb-64gb
Huawei Honor Play	R$ 1,402	https://www.kimovil.com/en/where-to-buy-huawei-honor-play-6gb-128gb-al10
Blackview BV9600	R$ 1,345	https://www.kimovil.com/en/where-to-buy-blackview-bv9600-pro
Huawei Honor 10 Lite	R$ 1,290	https://www.kimovil.com/en/where-to-buy-huawei-honor-10-lite-al00-6gb-64gb
Sony Xperia XA2 Plus	--	https://www.kimovil.com/en/where-to-buy-sony-xperia-xa2-plus
Lenovo Z5s	R$ 1,541	https://www.kimovil.com/en/where-to-buy-lenovo-z5s-128gb
Samsung Galaxy M20	R$ 970	https://www.kimovil.com/en/where-to-buy-samsung-galaxy-m20
Realme 3	--	https://www.kimovil.com/en/where-to-buy-realme-3
Samsung Galaxy M20	R$ 886	https://www.kimovil.com/en/where-to-buy-samsung-galaxy-m20-sm-m205f-3gb-32gb
Samsung Galaxy A50	--	https://www.kimovil.com/en/where-to-buy-samsung-galaxy-a50-6gb-64gb-a505fd
Samsung Galaxy A8+ (2018)	--	https://www.kimovil.com/en/where-to-buy-samsung-galaxy-a8-plus-6gb-64gb-a730fd
Huawei Honor 8x Max	R$ 932	https://www.kimovil.com/en/where-to-buy-huawei-honor-8x-max-4gb-128gb-al00
Huawei Honor 8x Max	R$ 936	https://www.kimovil.com/en/where-to-buy-huawei-honor-8x-max-6gb-64gb-al00
Huawei Maimang 7	R$ 859	https://www.kimovil.com/en/where-to-buy-huawei-maimang-7
Ulefone Power 5	R$ 733	https://www.kimovil.com/en/where-to-buy-ulefone-power-5s
Asus ZenFone 4 ZE554KL	R$ 999	https://www.kimovil.com/en/where-to-buy-asus-zenfone-4-ze554k-br
Asus ZenFone Max Pro (M1)	R$ 809	https://www.kimovil.com/en/where-to-buy-asus-zenfone-max-pro-m1-am
Sony Xperia XZ3	--	https://www.kimovil.com/en/where-to-buy-sony-xperia-xz3-apac
Huawei Enjoy Max	R$ 920	https://www.kimovil.com/en/where-to-buy-huawei-enjoy-max
Doogee S80	R$ 1,130	https://www.kimovil.com/en/where-to-buy-doogee-s80
Ulefone Power 3S	R$ 466	https://www.kimovil.com/en/where-to-buy-ulefone-power-3s
Meizu E3	R$ 1,226	https://www.kimovil.com/en/where-to-buy-meizu-e3-128gb
Huawei P20	R$ 2,212	https://www.kimovil.com/en/where-to-buy-huawei-p20-6gb-128gb-al00
Vernee V2 Pro	R$ 739	https://www.kimovil.com/en/where-to-buy-vernee-v2-pro
Realme 3	--	https://www.kimovil.com/en/where-to-buy-realme-3-4gb-64gb
Huawei Honor 10 Lite	--	https://www.kimovil.com/en/where-to-buy-huawei-honor-10-lite-lx1-3gb-64gb
Samsung Galaxy A30	--	https://www.kimovil.com/en/where-to-buy-samsung-galaxy-a30sm-3GB-32gb
Samsung Galaxy A50	--	https://www.kimovil.com/en/where-to-buy-samsung-galaxy-a50india
Samsung Galaxy A20	--	https://www.kimovil.com/en/where-to-buy-samsung-galaxy-a20-latam
Asus ZenFone Max Pro (M1)	--	https://www.kimovil.com/en/where-to-buy-asus-zenfone-max-pro-m1-va-4gb-128gb
Vivo V15	R$ 1,380	https://www.kimovil.com/en/where-to-buy-vivo-v15-global-128gb
Samsung Galaxy A20	--	https://www.kimovil.com/en/where-to-buy-samsung-galaxy-a20-sm-a205gd
Lenovo Z6 Youth Edition	R$ 1,281	https://www.kimovil.com/en/where-to-buy-lenovo-z6-youth-edition-cn-6gb-128gb
Vivo X20 Plus	R$ 1,336	https://www.kimovil.com/en/where-to-buy-vivo-x20-plus
Razer Phone	R$ 2,527	https://www.kimovil.com/en/where-to-buy-razer-phone
Xiaomi Redmi 6 Pro	R$ 650	https://www.kimovil.com/en/where-to-buy-xiaomi-redmi-6-pro
Xiaomi Redmi 6 Pro	R$ 630	https://www.kimovil.com/en/where-to-buy-xiaomi-redmi-6-pro-4gb-64gb
Oppo R15 Pro	R$ 1,900	https://www.kimovil.com/en/where-to-buy-oppo-r15-pro-global
Umidigi One	R$ 486	https://www.kimovil.com/en/where-to-buy-umidigi-one-4gb-32gb
Huawei Mate 8	R$ 2,391	https://www.kimovil.com/en/where-to-buy-huawei-mate-8-al10-4gb-128gb
Huawei Honor 10 Lite	--	https://www.kimovil.com/en/where-to-buy-huawei-honor-10-lite-al00-3gb-64gb
Sony Xperia XA2 Plus	--	https://www.kimovil.com/en/where-to-buy-sony-xperia-xa2-plus-4gb-32gb
Samsung Galaxy M30	R$ 1,155	https://www.kimovil.com/en/where-to-buy-samsung-galaxy-m30
Motorola Moto G7 Power	R$ 1,399	https://www.kimovil.com/en/where-to-buy-motorola-moto-g7-power-eu
Motorola Moto G7 Power	--	https://www.kimovil.com/en/where-to-buy-motorola-moto-g7-power-usa
HTC U12 Life	R$ 1,008	https://www.kimovil.com/en/where-to-buy-htc-u12-life
Motorola One Power	--	https://www.kimovil.com/en/where-to-buy-motorola-one-power
Motorola P30 Note	R$ 748	https://www.kimovil.com/en/where-to-buy-motorola-p30-note
Blackview BV6800 Pro	R$ 705	https://www.kimovil.com/en/where-to-buy-blackview-bv6800-pro
AGM X3	R$ 2,424	https://www.kimovil.com/en/where-to-buy-agm-x3-8gb-128gb
Huawei Y9 (2019)	R$ 772	https://www.kimovil.com/en/where-to-buy-huawei-y9-2019
Vernee M8 Pro	R$ 827	https://www.kimovil.com/en/where-to-buy-vernee-m8-pro
Vernee X	R$ 397	https://www.kimovil.com/en/where-to-buy-vernee-x-4gb
HTC U11 EYEs	R$ 1,196	https://www.kimovil.com/en/where-to-buy-htc-u11-eyes
Oppo R15	R$ 1,797	https://www.kimovil.com/en/where-to-buy-oppo-r15-netcom-edition
Vernee X1	R$ 537	https://www.kimovil.com/en/where-to-buy-vernee-x1
Xiaomi Redmi 7	R$ 478	https://www.kimovil.com/en/where-to-buy-xiaomi-redmi-7-global-32gb
Xiaomi Redmi 7	R$ 513	https://www.kimovil.com/en/where-to-buy-xiaomi-redmi-7-global-64gb
Xiaomi Redmi 7	R$ 484	https://www.kimovil.com/en/where-to-buy-xiaomi-redmi-7-cn-3gb-32gb
Xiaomi Redmi 7	R$ 536	https://www.kimovil.com/en/where-to-buy-xiaomi-redmi-7-cn-3gb-64gb
Xiaomi Redmi 7	R$ 542	https://www.kimovil.com/en/where-to-buy-xiaomi-redmi-7cn-4gb-64gb
Motorola P30 Note	R$ 854	https://www.kimovil.com/en/where-to-buy-motorola-one-power-cn-6gb-64gb
Samsung Galaxy A20	R$ 1,169	https://www.kimovil.com/en/where-to-buy-samsung-galaxy-a20
Huawei Maimang 7	--	https://www.kimovil.com/en/where-to-buy-huawei-maimang-7-4gb-64gb
Xiaomi Mi Max 2	--	https://www.kimovil.com/en/where-to-buy-xiaomi-mi-max-24gb-64gb-global
Meizu M6 Note	R$ 465	https://www.kimovil.com/en/where-to-buy-meizu-m6-note3gb-32gb
Xiaomi Mi Max 2	--	https://www.kimovil.com/en/where-to-buy-xiaomi-mi-max-24gb-32gb-global
Aermoo M1	--	https://www.kimovil.com/en/where-to-buy-aermoo-m1
Meizu M6 Note	R$ 469	https://www.kimovil.com/en/where-to-buy-meizu-m6-note-3gb-32gb-eu
Vernee X	R$ 597	https://www.kimovil.com/en/where-to-buy-vernee-x
Xiaomi Mi Max 2	R$ 806	https://www.kimovil.com/en/where-to-buy-xiaomi-mi-max-2-4gb-128gb
Nubia M2	R$ 621	https://www.kimovil.com/en/where-to-buy-nubia-m2
Xiaomi Mi Max 2	R$ 699	https://www.kimovil.com/en/where-to-buy-xiaomi-mi-max-2
Xiaomi Black Shark	R$ 2,166	https://www.kimovil.com/en/where-to-buy-xiaomi-black-shark8gb-256gb
Xiaomi Redmi 6 Pro	R$ 613	https://www.kimovil.com/en/where-to-buy-xiaomi-redmi-6-pro-4gb
Xiaomi Mi5s Plus	R$ 1,577	https://www.kimovil.com/en/where-to-buy-xiaomi-mi5s-plus-6gb-128gb
OnePlus 3T	R$ 2,030	https://www.kimovil.com/en/where-to-buy-oneplus-3t6gb-64gb-eu
ZUK Z2	R$ 693	https://www.kimovil.com/en/where-to-buy-zuk-z2-4gb-64gb
Leeco Cool1	R$ 456	https://www.kimovil.com/en/where-to-buy-leeco-letv-cool1-4GB-32GB
AGM X3	R$ 2,655	https://www.kimovil.com/en/where-to-buy-agm-x3-8gb-256gb
Vivo X23	R$ 2,018	https://www.kimovil.com/en/where-to-buy-vivo-x23-symphony-edition
Huawei Honor 10 Lite	R$ 1,362	https://www.kimovil.com/en/where-to-buy-huawei-honor-10-lite-al00-6gb-128gb
Huawei P20	--	https://www.kimovil.com/en/where-to-buy-huawei-p20-l09-4gb-128gb
Doogee S90	R$ 1,164	https://www.kimovil.com/en/where-to-buy-doogee-s90
Motorola Moto G7 Power	R$ 1,075	https://www.kimovil.com/en/where-to-buy-motorola-moto-g7-power
Nokia 3.1 Plus	R$ 602	https://www.kimovil.com/en/where-to-buy-nokia-3-1-plus-global
Ulefone Armor 5	R$ 621	https://www.kimovil.com/en/where-to-buy-ulefone-armor-5
Oppo A3	--	https://www.kimovil.com/en/where-to-buy-oppo-a3-global
Doogee S70	R$ 962	https://www.kimovil.com/en/where-to-buy-doogee-s70
Vivo X23	R$ 2,084	https://www.kimovil.com/en/where-to-buy-vivo-x23
Oppo R17	R$ 1,863	https://www.kimovil.com/en/where-to-buy-oppo-r17-6gb-128gb
Asus ZenFone 4 ZE554KL	R$ 1,499	https://www.kimovil.com/en/where-to-buy-asus-zenfone-4-ze554klbr-sd660-64gb
Cubot King Kong 3	R$ 779	https://www.kimovil.com/en/where-to-buy-cubot-king-kong-3
Meiigoo S9	R$ 578	https://www.kimovil.com/en/where-to-buy-meiigoo-s9
Huawei Honor 8C	R$ 500	https://www.kimovil.com/en/where-to-buy-huawei-honor-8c
UMiDIGI S2 Lite	R$ 620	https://www.kimovil.com/en/where-to-buy-umidigi-s2-lite
Cubot X18 Plus	R$ 546	https://www.kimovil.com/en/where-to-buy-cubot-x18-plus
Oppo R15	R$ 2,076	https://www.kimovil.com/en/where-to-buy-oppo-r15
Oppo R15 Pro	--	https://www.kimovil.com/en/where-to-buy-oppo-r15-dream-mirror
Leagoo S9	R$ 325	https://www.kimovil.com/en/where-to-buy-leagoo-s9
Blackview P10000 Pro	R$ 737	https://www.kimovil.com/en/where-to-buy-blackview-p10000-pro
Allcall Mix 2	R$ 697	https://www.kimovil.com/en/where-to-buy-allcall-mix2
Bluboo S3	R$ 551	https://www.kimovil.com/en/where-to-buy-bluboo-s3
360 N7	R$ 1,359	https://www.kimovil.com/en/where-to-buy-360-n7
Cubot Quest	R$ 552	https://www.kimovil.com/en/where-to-buy-cubot-quest
Xiaomi Redmi 7	--	https://www.kimovil.com/en/where-to-buy-xiaomi-redmi-7-3gb-32gb-india
Ulefone T1	R$ 504	https://www.kimovil.com/en/where-to-buy-ulefone-t1
Meizu M6 Note	R$ 814	https://www.kimovil.com/en/where-to-buy-meizu-m6-note4gb-64gb
Doogee Mix 2	R$ 584	https://www.kimovil.com/en/where-to-buy-doogee-mix-2
Ulefone Mix	R$ 408	https://www.kimovil.com/en/where-to-buy-ulefone-mix
Vernee Mix 2	R$ 357	https://www.kimovil.com/en/where-to-buy-vernee-mix-2
Doogee Mix 2	R$ 536	https://www.kimovil.com/en/where-to-buy-doogee-mix-2-64gb
Bluboo S8+	R$ 528	https://www.kimovil.com/en/where-to-buy-bluboo-s8-plus
Ulefone Power 3	R$ 845	https://www.kimovil.com/en/where-to-buy-ulefone-power-3
Huawei Nova 2s	R$ 1,717	https://www.kimovil.com/en/where-to-buy-huawei-nova-2s-6gb-64gb
Blackview P6000	R$ 498	https://www.kimovil.com/en/where-to-buy-blackview-p6000
Meizu M6 Note	R$ 839	https://www.kimovil.com/en/where-to-buy-meizu-m6-note-4gb-64gb-eu
ZTE Axon 7s	R$ 744	https://www.kimovil.com/en/where-to-buy-zte-axon-7s
Xiaomi Redmi Note 4	R$ 528	https://www.kimovil.com/en/where-to-buy-xiaomi-redmi-note-4-global-3gb-32gb
Nokia 9 Pureview	R$ 3,687	https://www.kimovil.com/en/where-to-buy-nokia-9
BlackBerry KEYone	R$ 1,076	https://www.kimovil.com/en/where-to-buy-blackberry-keyone
Moto Z Play	R$ 630	https://www.kimovil.com/en/where-to-buy-lenovo-moto-z-play-64gb
Xiaomi Redmi 7	--	https://www.kimovil.com/en/where-to-buy-xiaomi-redmi-7-global-4gb-64gb
Asus ZenFone 5 Selfie Pro	R$ 749	https://www.kimovil.com/en/where-to-buy-asus-zenfone-5-selfie-pro
BLU Vivo XL4	--	https://www.kimovil.com/en/where-to-buy-blu-vivo-xl4
Nokia 3.1 Plus	R$ 453	https://www.kimovil.com/en/where-to-buy-nokia-3-1-plus-3gb-32gb-ta-1118
Oppo R17	R$ 2,096	https://www.kimovil.com/en/where-to-buy-oppo-r17
Leagoo XRover	R$ 744	https://www.kimovil.com/en/where-to-buy-leagoo-xrover
Asus ZenFone 5 Lite	R$ 792	https://www.kimovil.com/en/where-to-buy-asus-zenfone-5-lites430-4gb64gb-va
Asus ZenFone 4 ZE554KL	R$ 1,900	https://www.kimovil.com/en/where-to-buy-asus-zenfone-4-ze554klglobal-sd660-128gb
Samsung Galaxy A7 (2018)	R$ 1,279	https://www.kimovil.com/en/where-to-buy-samsung-galaxy-a7-2018
UMIDIGI A3 Pro	R$ 310	https://www.kimovil.com/en/where-to-buy-umidigi-a3-pro
Samsung Galaxy A6s	R$ 684	https://www.kimovil.com/en/where-to-buy-samsung-galaxy-a6s
Samsung Galaxy A7 (2018)	R$ 1,079	https://www.kimovil.com/en/where-to-buy-samsung-galaxy-a7-2018-a750f-128gb
Huawei Honor 8C	R$ 669	https://www.kimovil.com/en/where-to-buy-huawei-honor-8c-64gb
Thl Knight 2	R$ 627	https://www.kimovil.com/en/where-to-buy-thl-knight-2
Samsung Galaxy A8+ (2018)	R$ 1,564	https://www.kimovil.com/en/where-to-buy-samsung-galaxy-a8-plus-2018
Meizu M6 Note	--	https://www.kimovil.com/en/where-to-buy-meizu-m6-note-4gb-32gb-m721q-cn
Nubia N3	R$ 709	https://www.kimovil.com/en/where-to-buy-nubia-n3
Oppo F7	--	https://www.kimovil.com/en/where-to-buy-oppo-f7
Asus ZenFone 4 ZE554KL	R$ 2,093	https://www.kimovil.com/en/where-to-buy-asus-zenfone-4-ze554k-ww-sd630
Oppo A3	R$ 1,046	https://www.kimovil.com/en/where-to-buy-oppo-a3-padt00
Doogee BL9000	R$ 656	https://www.kimovil.com/en/where-to-buy-doogee-bl9000
Vivo V15	--	https://www.kimovil.com/en/where-to-buy-vivo-v15-india
Cubot Max 2	R$ 552	https://www.kimovil.com/en/where-to-buy-cubot-max-2
Motorola Moto G7 Power	--	https://www.kimovil.com/en/where-to-buy-motorola-moto-g7-power-xt1955-2
Huawei Y9 (2019)	--	https://www.kimovil.com/en/where-to-buy-huawei-y9-2019-eu-4gb-128gb
Meizu Pro 7 Plus	R$ 1,514	https://www.kimovil.com/en/where-to-buy-meizu-pro-7-plu-128gb
UMiDIGI S2 Pro	R$ 710	https://www.kimovil.com/en/where-to-buy-umidigi-s2-pro
Ulefone T1	R$ 737	https://www.kimovil.com/en/where-to-buy-ulefone-t1-128gb
BlackBerry KEYone	R$ 1,169	https://www.kimovil.com/en/where-to-buy-blackberry-keyone-64gb
Vernee Mix 2	R$ 592	https://www.kimovil.com/en/where-to-buy-vernee-mix-2-6gb
Xiaomi Redmi Note 4	--	https://www.kimovil.com/en/where-to-buy-xiaomi-redmi-note-4-4gb-64gb
LG G6	R$ 2,259	https://www.kimovil.com/en/where-to-buy-lg-g6-kr-g600
Xiaomi Redmi Note 4	R$ 816	https://www.kimovil.com/en/where-to-buy-xiaomi-redmi-note-44gb-64gb-global
Ulefone Gemini Pro	R$ 621	https://www.kimovil.com/en/where-to-buy-ulefone-gemini-pro
Xiaomi Redmi Note 4X	R$ 536	https://www.kimovil.com/en/where-to-buy-xiaomi-redmi-note-4x-snapdragon-4gb-64gb
Asus ROG Phone	R$ 3,865	https://www.kimovil.com/en/where-to-buy-asus-rog-phone
Meizu Blue Charm 6T	R$ 375	https://www.kimovil.com/en/where-to-buy-meizu-blue-charm-6t-3gb-32gb
Meizu M6T	R$ 382	https://www.kimovil.com/en/where-to-buy-meizu-blue-charm-6t-global-32gb
Cubot Power	R$ 851	https://www.kimovil.com/en/where-to-buy-cubot-power-128gb
Samsung Galaxy J8	R$ 1,008	https://www.kimovil.com/en/where-to-buy-samsung-galaxy-j8
Lenovo K8 Plus	R$ 670	https://www.kimovil.com/en/where-to-buy-lenovo-k8-plus
Huawei nova 3i	R$ 870	https://www.kimovil.com/en/where-to-buy-huawei-nova-3i
Huawei P Smart+	R$ 926	https://www.kimovil.com/en/where-to-buy-huawei-p-smart-plus
Oppo R9s Plus	R$ 1,469	https://www.kimovil.com/en/where-to-buy-oppo-r9s-plus
OnePlus 3T	R$ 2,523	https://www.kimovil.com/en/where-to-buy-oneplus-3t
Xiaomi Redmi Note 4	R$ 792	https://www.kimovil.com/en/where-to-buy-xiaomi-redmi-note-43gb-32gb
Meizu Pro 6 Plus	R$ 1,826	https://www.kimovil.com/en/where-to-buy-meizu-pro-6-plus-128gb
Xiaomi Redmi Note 4X	R$ 476	https://www.kimovil.com/en/where-to-buy-xiaomi-redmi-note-4x
Huawei Honor 6X	--	https://www.kimovil.com/en/where-to-buy-huawei-honor-6x-weu-3gb-32gb
Huawei P9 Plus	R$ 1,782	https://www.kimovil.com/en/where-to-buy-huawei-p9-plus-al10-dual-64gb
Huawei Honor Note 8	R$ 1,630	https://www.kimovil.com/en/where-to-buy-huawei-honor-note-8
ZUK Z2	--	https://www.kimovil.com/en/where-to-buy-zuk-z2-3gb-32gb
Xiaomi Mi Max	R$ 1,100	https://www.kimovil.com/en/where-to-buy-xiaomi-mi-max-3gb-32gb
Xiaomi Mi Max	R$ 1,182	https://www.kimovil.com/en/where-to-buy-xiaomi-mi-max-4gb-64gb
Huawei P9 Plus	R$ 1,913	https://www.kimovil.com/en/where-to-buy-huawei-p9-plusl-al10-128
OnePlus 2	R$ 1,176	https://www.kimovil.com/en/where-to-buy-oneplus-2-4gb-64gb-cn
AGM A9	R$ 780	https://www.kimovil.com/en/where-to-buy-agm-a9
AGM A9	R$ 844	https://www.kimovil.com/en/where-to-buy-agm-a9-64gb
Oukitel U23	R$ 660	https://www.kimovil.com/en/where-to-buy-oukitel-u23
Samsung Galaxy A6s	R$ 827	https://www.kimovil.com/en/where-to-buy-samsung-galaxy-a6s-sm-g6200-128gb
Doogee Y7 Plus	R$ 523	https://www.kimovil.com/en/where-to-buy-doogee-y7-plus
Cubot X19	R$ 434	https://www.kimovil.com/en/where-to-buy-cubot-x19
Huawei Y7 2019	R$ 575	https://www.kimovil.com/en/where-to-buy-huawei-y7-2019
Nokia 3.1 Plus	R$ 542	https://www.kimovil.com/en/where-to-buy-nokia-3-1-plus-cn
Oukitel WP2	R$ 776	https://www.kimovil.com/en/where-to-buy-oukitel-wp2
LG Stylo 4 Plus	--	https://www.kimovil.com/en/where-to-buy-lg-stylo-4-plus
Huawei nova 3i	--	https://www.kimovil.com/en/where-to-buy-huawei-nova-3i-4gb
Xiaomi Redmi 5	R$ 523	https://www.kimovil.com/en/where-to-buy-xiaomi-redmi-5-global
Xiaomi Redmi 5 Plus	R$ 540	https://www.kimovil.com/en/where-to-buy-xiaomi-redmi-5-plus-4gb-64gb
Huawei Enjoy 8 Plus	R$ 630	https://www.kimovil.com/en/where-to-buy-huawei-enjoy-8-plus
LG Q60	--	https://www.kimovil.com/en/where-to-buy-lg-q60
Huawei Y9 (2019)	--	https://www.kimovil.com/en/where-to-buy-huawei-y9-2019-eu-6gb-128gb
Alcatel Idol 5S	--	https://www.kimovil.com/en/where-to-buy-alcatel-idol-5s-3gb-32gb
Vivo Y91	--	https://www.kimovil.com/en/where-to-buy-vivo-y91-3gb-32gb
Wiko View 3	--	https://www.kimovil.com/en/where-to-buy-wiko-view-3
Lenovo K8 Note	R$ 386	https://www.kimovil.com/en/where-to-buy-lenovo-k8-note
Doogee BL12000	R$ 549	https://www.kimovil.com/en/where-to-buy-doogee-bl12000
Gionee A1	--	https://www.kimovil.com/en/where-to-buy-gionee-a1
Doogee Mix	R$ 388	https://www.kimovil.com/en/where-to-buy-doogee-mix
Vernee Mars Pro	R$ 582	https://www.kimovil.com/en/where-to-buy-vernee-mars-pro
Samsung Galaxy A9 Star Lite	R$ 866	https://www.kimovil.com/en/where-to-buy-samsung-galaxy-a9-star-lite
Oppo F7	--	https://www.kimovil.com/en/where-to-buy-oppo-f7-128gb
Lenovo K8 Note	R$ 442	https://www.kimovil.com/en/where-to-buy-lenovo-k8-note-4gb-64gb
Lenovo K8 Plus	R$ 679	https://www.kimovil.com/en/where-to-buy-lenovo-k8-plus-4gb-32gb
Doogee S70 Lite	R$ 703	https://www.kimovil.com/en/where-to-buy-doogee-s70-lite
Samsung Galaxy C9	R$ 1,132	https://www.kimovil.com/en/where-to-buy-samsung-galaxy-c9-pro
Xiaomi Redmi Note 4X	R$ 535	https://www.kimovil.com/en/where-to-buy-xiaomi-redmi-note-4x-4gb-64gb
AGM X2	R$ 1,300	https://www.kimovil.com/en/where-to-buy-agm-x2
Huawei Honor Note 8	R$ 1,742	https://www.kimovil.com/en/where-to-buy-huawei-honor-note-8-64gb
Huawei Honor 8C	R$ 765	https://www.kimovil.com/en/where-to-buy-huawei-honor-8c-128gb
ZUK Z1	--	https://www.kimovil.com/en/where-to-buy-zuk-z1-64gb
Vivo Y95	R$ 749	https://www.kimovil.com/en/where-to-buy-vivo-y95
Elephone A5	R$ 737	https://www.kimovil.com/en/where-to-buy-elephone-a5-6gb-128gb
Samsung Galaxy J8	R$ 903	https://www.kimovil.com/en/where-to-buy-samsung-galaxy-j8-j810y
Infinix Note 5	--	https://www.kimovil.com/en/where-to-buy-infinix-note-5-4gb-64gb
HUAWEI Mate 20 RS Porsche Design	R$ 7,311	https://www.kimovil.com/en/where-to-buy-huawei-mate-20-rs-porsche-design
LG Q Stylus	--	https://www.kimovil.com/en/where-to-buy-lg-q-stylus
Xiaomi Redmi 5 Plus	R$ 616	https://www.kimovil.com/en/where-to-buy-xiaomi-redmi-5-plus-global
BQ Aquaris VS Plus	R$ 740	https://www.kimovil.com/en/where-to-buy-bq-aquaris-vs-plus-4gb-64gb
Xiaomi Redmi 5 Plus	R$ 730	https://www.kimovil.com/en/where-to-buy-xiaomi-redmi-5-plus4gb-64gb-global
Nubia V18	R$ 437	https://www.kimovil.com/en/where-to-buy-nubia-v18
Leagoo Power 5	R$ 473	https://www.kimovil.com/en/where-to-buy-leagoo-power-5
Gome K1	R$ 388	https://www.kimovil.com/en/where-to-buy-gome-k1
Huawei P Smart+	--	https://www.kimovil.com/en/where-to-buy-huawei-p-smart-plus-3gb-ine-lx1
Lenovo K9 Note	R$ 513	https://www.kimovil.com/en/where-to-buy-lenovo-k9-note-global-64gb
Vivo Y17	--	https://www.kimovil.com/en/where-to-buy-vivo-y17
Elephone S8	R$ 631	https://www.kimovil.com/en/where-to-buy-elephone-s8
BQ Aquaris V Plus	R$ 784	https://www.kimovil.com/en/where-to-buy-bq-aquaris-v-plus
BQ Aquaris V Plus	R$ 871	https://www.kimovil.com/en/where-to-buy-bq-aquaris-v-plus4gb-64gb
Huawei Maimang 6	R$ 948	https://www.kimovil.com/en/where-to-buy-huawei-maimang-6
Huawei Mate 10 Lite	--	https://www.kimovil.com/en/where-to-buy-huawei-mate-10-lite
VKworld S8	R$ 390	https://www.kimovil.com/en/where-to-buy-vkworld-s8
Huawei Mate 10 Lite	R$ 833	https://www.kimovil.com/en/where-to-buy-huawei-mate-10-litea-l21
Xiaomi Redmi 5 Plus	R$ 536	https://www.kimovil.com/en/where-to-buy-xiaomi-redmi-5-plus
UMiDigi Z Pro	R$ 1,125	https://www.kimovil.com/en/where-to-buy-umidigi-z-pro
Gionee A1 Plus	R$ 737	https://www.kimovil.com/en/where-to-buy-gionee-a1-plus
Vernee Apollo X	R$ 575	https://www.kimovil.com/en/where-to-buy-vernee-apollo-x
Doogee Mix	R$ 392	https://www.kimovil.com/en/where-to-buy-doogee-mix4gb-64gb
Coolpad Cool Play 6	R$ 524	https://www.kimovil.com/en/where-to-buy-coolpad-cool-play-6
Blackview BV8000 Pro	R$ 772	https://www.kimovil.com/en/where-to-buy-blackview-bv8000-pro
Lenovo K5 Note (2018)	R$ 441	https://www.kimovil.com/en/where-to-buy-lenovo-k5-note-2018-4gb-64gb
Infinix Note 5	--	https://www.kimovil.com/en/where-to-buy-infinix-note-5
Sony Xperia XA1 Plus	R$ 1,408	https://www.kimovil.com/en/where-to-buy-sony-xperia-xa1-plus-g3416-4gb-32gb
Alcatel 5V	--	https://www.kimovil.com/en/where-to-buy-alcatel-5v
ZTE Nubia N1	--	https://www.kimovil.com/en/where-to-buy-nubia-n1
Xiaomi Mi Note 2	--	https://www.kimovil.com/en/where-to-buy-xiaomi-mi-note-2-6gb-128gb
Huawei nova 3i	--	https://www.kimovil.com/en/where-to-buy-huawei-nova-3i-lx2-6gb-128gb
Xiaomi Redmi Note 3 Pro	--	https://www.kimovil.com/en/where-to-buy-xiaomi-redmi-note-3-pro
Elephone A5	R$ 699	https://www.kimovil.com/en/where-to-buy-elephone-a5
Blackview Max 1	R$ 1,151	https://www.kimovil.com/en/where-to-buy-blackview-max-1
Vivo U1	R$ 733	https://www.kimovil.com/en/where-to-buy-vivo-u1-3gb-32gb
Asus ZenFone 5Q	--	https://www.kimovil.com/en/where-to-buy-asus-zenfone-5q
Elephone U Pro	R$ 854	https://www.kimovil.com/en/where-to-buy-elephone-u-pro
Infinix Zero 5	--	https://www.kimovil.com/en/where-to-buy-infinix-zero-5
Sony Xperia XA2	R$ 962	https://www.kimovil.com/en/where-to-buy-sony-xperia-xa2
Sony Xperia XA2 Ultra	--	https://www.kimovil.com/en/where-to-buy-sony-xperia-xa2-ultra
Huawei Honor 7x	R$ 881	https://www.kimovil.com/en/where-to-buy-huawei-honor-7x-l21-64gb
HiSense H11	--	https://www.kimovil.com/en/where-to-buy-hisense-h11
Gionee M7 Power	--	https://www.kimovil.com/en/where-to-buy-gionee-m7-power
Cubot P20	R$ 624	https://www.kimovil.com/en/where-to-buy-cubot-p20
Ulefone X	R$ 466	https://www.kimovil.com/en/where-to-buy-ulefone-x
Asus ZenFone Max Plus	R$ 473	https://www.kimovil.com/en/where-to-buy-asus-zenfone-max-plus-zb570tl-4gb-64gb-global
Lenovo K9 Note	--	https://www.kimovil.com/en/where-to-buy-lenovo-k9-note
Panasonic Eluga Z1	--	https://www.kimovil.com/en/where-to-buy-panasonic-eluga-z1
Lenovo K9 Note	R$ 410	https://www.kimovil.com/en/where-to-buy-lenovo-k9-note-3gb-32gb
Lenovo K9 Note	R$ 410	https://www.kimovil.com/en/where-to-buy-lenovo-k9-note-global
Bluboo S1	R$ 374	https://www.kimovil.com/en/where-to-buy-bluboo-s1
Huawei Honor 7x	R$ 586	https://www.kimovil.com/en/where-to-buy-huawei-honor-7x
Sony Xperia XA1 Plus	R$ 1,450	https://www.kimovil.com/en/where-to-buy-sony-xperia-xa1-plus
AGM X2	R$ 1,732	https://www.kimovil.com/en/where-to-buy-agm-x2-6gb-128gb
Blackview BV9000	R$ 693	https://www.kimovil.com/en/where-to-buy-blackview-bv9000
Xiaomi Redmi 4X	R$ 557	https://www.kimovil.com/en/where-to-buy-xiaomi-redmi-4x3gb-32gb
Alcatel Idol 5S	--	https://www.kimovil.com/en/where-to-buy-alcatel-idol-5s
Huawei P10 Plus	R$ 2,872	https://www.kimovil.com/en/where-to-buy-huawei-p10-plus-al00-256gb
Samsung Galaxy J7 Prime	R$ 749	https://www.kimovil.com/en/where-to-buy-samsung-galaxy-j7-prime
Xiaomi Redmi 4X	R$ 566	https://www.kimovil.com/en/where-to-buy-xiaomi-redmi-4x-global
Ulefone Armor 2	R$ 809	https://www.kimovil.com/en/where-to-buy-ulefone-armor-2
Lenovo K5 Note (2018)	R$ 465	https://www.kimovil.com/en/where-to-buy-lenovo-k5-note-2018
Huawei Honor 9i	--	https://www.kimovil.com/en/where-to-buy-huawei-honor-9i-l22
Meizu M6T	R$ 775	https://www.kimovil.com/en/where-to-buy-meizu-blue-charm-6t-global-64gb
Samsung Galaxy A6 Plus (2018)	R$ 1,284	https://www.kimovil.com/en/where-to-buy-samsung-galaxy-a6-plus-2018-duos-64gb
Motorola Moto E5 Plus	R$ 488	https://www.kimovil.com/en/where-to-buy-motorola-moto-e5-plus-3gb-32gb
Xiaomi Redmi Note 5	--	https://www.kimovil.com/en/where-to-buy-xiaomi-redmi-note-5-india
Xiaomi Redmi Note 5	--	https://www.kimovil.com/en/where-to-buy-xiaomi-redmi-note-5-4gb-64gb-india
Huawei Honor V8	R$ 1,316	https://www.kimovil.com/en/where-to-buy-huawei-honor-v8-64gb
Xiaomi Redmi Note 4	R$ 871	https://www.kimovil.com/en/where-to-buy-xiaomi-redmi-note-4-3gb-64gb
Huawei G9 Plus	--	https://www.kimovil.com/en/where-to-buy-huawei-g9-plus
Xiaomi Redmi Note 3	R$ 665	https://www.kimovil.com/en/where-to-buy-xiaomi-redmi-note-3-3gb-32gb
Samsung Galaxy A9 (2016)	R$ 1,444	https://www.kimovil.com/en/where-to-buy-samsung-galaxy-a9
LeTV Le Max X900	R$ 2,042	https://www.kimovil.com/en/where-to-buy-letv-s1-max
Asus ZenFone Max Plus	R$ 469	https://www.kimovil.com/en/where-to-buy-asus-zenfone-max-plus-zb570tl-3gb-32gb-global
Vivo Y73	R$ 621	https://www.kimovil.com/en/where-to-buy-vivo-y73v1731ca-4gb-64gb
Vivo U1	R$ 916	https://www.kimovil.com/en/where-to-buy-vivo-u1
Motorola Moto G6 Play	--	https://www.kimovil.com/en/where-to-buy-motorola-moto-g6-play-3gb-32gb-na
Zoji Z33	R$ 412	https://www.kimovil.com/en/where-to-buy-zoji-z33
Sharp B10	R$ 341	https://www.kimovil.com/en/where-to-buy-sharp-b10
Infinix S3X	--	https://www.kimovil.com/en/where-to-buy-infinix-s3x
Asus ZenFone 5 Lite	R$ 1,605	https://www.kimovil.com/en/where-to-buy-asus-zenfone-5-lites630-4gb-128gb
Oukitel K10	R$ 1,009	https://www.kimovil.com/en/where-to-buy-oukitel-k10
Sony Xperia L2	R$ 388	https://www.kimovil.com/en/where-to-buy-sony-xperia-l2
Jesy J9S	R$ 890	https://www.kimovil.com/en/where-to-buy-jesy-j9s
Doogee BL12000 Pro	R$ 1,048	https://www.kimovil.com/en/where-to-buy-doogee-bl12000-pro
Doogee S50	R$ 584	https://www.kimovil.com/en/where-to-buy-doogee-s50-128gb
HomTom HT70	R$ 532	https://www.kimovil.com/en/where-to-buy-homtom-ht70
Elephone U	R$ 591	https://www.kimovil.com/en/where-to-buy-elephone-u-128gb
Asus ZenFone 5 Lite	--	https://www.kimovil.com/en/where-to-buy-asus-zenfone-5-lite-s630-4gb-64gb
Huawei Enjoy 8 Plus	R$ 1,161	https://www.kimovil.com/en/where-to-buy-huawei-enjoy-8-plus-128gb
Samsung Galaxy A6 Plus (2018)	--	https://www.kimovil.com/en/where-to-buy-samsung-galaxy-a6-plus-2018-3gb-32gb
Vivo S1	R$ 1,785	https://www.kimovil.com/en/where-to-buy-vivo-s1
Panasonic Eluga Z1 Pro	--	https://www.kimovil.com/en/where-to-buy-panasonic-eluga-z1-pro
Huawei Enjoy 8 Plus	R$ 1,128	https://www.kimovil.com/en/where-to-buy-huawei-enjoy-8-plus-al20-128gb
Ulefone P6000 Plus	R$ 357	https://www.kimovil.com/en/where-to-buy-ulefone-p6000-plus
Samsung Galaxy J7 (2017)	R$ 897	https://www.kimovil.com/en/where-to-buy-samsung-galaxy-j7-2017-j730gm
Vernee M5	R$ 508	https://www.kimovil.com/en/where-to-buy-vernee-m5-64gb
Huawei Honor 7x	R$ 686	https://www.kimovil.com/en/where-to-buy-huawei-honor-7x-64gb
Huawei nova 2i	R$ 789	https://www.kimovil.com/en/where-to-buy-huawei-nova-2i
Blackview BV9000	R$ 968	https://www.kimovil.com/en/where-to-buy-blackview-bv9000-pro
Xiaomi Redmi 5	R$ 540	https://www.kimovil.com/en/where-to-buy-xiaomi-redmi-5-3gb-32gb
Oukitel K6	R$ 815	https://www.kimovil.com/en/where-to-buy-oukitel-k6
Doogee S50	R$ 548	https://www.kimovil.com/en/where-to-buy-doogee-s50
HomTom S99	R$ 394	https://www.kimovil.com/en/where-to-buy-homtom-s99
Oukitel K7 Power	R$ 567	https://www.kimovil.com/en/where-to-buy-oukitel-k7
Samsung Galaxy A6 Plus (2018)	R$ 1,012	https://www.kimovil.com/en/where-to-buy-samsung-galaxy-a6-plus-2018-duos-4gb-32gb
Lenovo K6 Power	--	https://www.kimovil.com/en/where-to-buy-lenovo-k6-power-4gb
Oukitel K8	R$ 466	https://www.kimovil.com/en/where-to-buy-oukitel-k8
Zoji Z9	R$ 676	https://www.kimovil.com/en/where-to-buy-zoji-z9
Xiaomi Mi Mix	R$ 3,105	https://www.kimovil.com/en/where-to-buy-xiaomi-mi-mix
AGM X1	R$ 772	https://www.kimovil.com/en/where-to-buy-agm-x1
Lenovo Vibe P2	--	https://www.kimovil.com/en/where-to-buy-lenovo-vibe-p2-32gb
Zoji Z11	R$ 573	https://www.kimovil.com/en/where-to-buy-zoji-z11
Motorola Moto E5 Plus	R$ 776	https://www.kimovil.com/en/where-to-buy-motorola-moto-e5-plus-4gb-64gb
Vivo U1	R$ 1,075	https://www.kimovil.com/en/where-to-buy-vivo-u1-4gb-64gb
Samsung Galaxy A7 (2017)	--	https://www.kimovil.com/en/where-to-buy-samsung-galaxy-a7-2017-fds
Sony Xperia XA2	--	https://www.kimovil.com/en/where-to-buy-sony-xperia-xa2-h3133
Samsung Galaxy A6 Plus (2018)	R$ 1,561	https://www.kimovil.com/en/where-to-buy-samsung-galaxy-a6-plus-2018-g605g
Sharp R1S	R$ 382	https://www.kimovil.com/en/where-to-buy-sharp-r1s
Asus ZenFone Pegasus 4S Max Plus	R$ 469	https://www.kimovil.com/en/where-to-buy-asus-zenfone-pegasus-4s-max-plus-x018dc-4gb-64gb
Vivo Y73	R$ 675	https://www.kimovil.com/en/where-to-buy-vivo-y73
Asus ZenFone Pegasus 4S Max Plus	--	https://www.kimovil.com/en/where-to-buy-asus-zenfone-pegasus-4s-max-plus-4gb-32gb-
Wiko View Max	--	https://www.kimovil.com/en/where-to-buy-wiko-view-max
Huawei Y9 (2018)	R$ 748	https://www.kimovil.com/en/where-to-buy-huawei-y9-2018
Gionee A1 Lite	R$ 504	https://www.kimovil.com/en/where-to-buy-gionee-a1-lite
Samsung Galaxy J7 (2017)	R$ 1,090	https://www.kimovil.com/en/where-to-buy-samsung-galaxy-j7-2017-64gb
Motorola Moto G6 Play	R$ 759	https://www.kimovil.com/en/where-to-buy-motorola-moto-g6-play-3gb-32gb
Meizu M5 note	R$ 390	https://www.kimovil.com/en/where-to-buy-meizu-m5-note-32gb-global
Motorola Moto G7 Power	R$ 1,170	https://www.kimovil.com/en/where-to-buy-motorola-moto-g7-power-xt1955-1-br-64gb
LG Q Stylus+	--	https://www.kimovil.com/en/where-to-buy-lg-q-stylus-plus
UMiDIGI C Note 2	R$ 621	https://www.kimovil.com/en/where-to-buy-umidigi-c-note-2
Doogee BL5000	R$ 374	https://www.kimovil.com/en/where-to-buy-doogee-bl5000
Bluboo S8	R$ 311	https://www.kimovil.com/en/where-to-buy-bluboo-s8
Asus ZenFone 4 Max Plus	R$ 485	https://www.kimovil.com/en/where-to-buy-asus-zenfone-4-max-3gb
Meiigoo M1	R$ 854	https://www.kimovil.com/en/where-to-buy-meiigoo-m1
Doogee BL7000	R$ 371	https://www.kimovil.com/en/where-to-buy-doogee-bl7000
M-Horse Pure 1	R$ 256	https://www.kimovil.com/en/where-to-buy-m-horse-pure1
Asus ZenFone Pegasus 4S Max Plus	R$ 456	https://www.kimovil.com/en/where-to-buy-asus-zenfone-pegasus-4s-max-plus
M-Horse Pure 2	R$ 391	https://www.kimovil.com/en/where-to-buy-m-horse-pure-2
Huawei Honor V9	R$ 1,898	https://www.kimovil.com/en/where-to-buy-huawei-honor-v9
Huawei Honor 6X	--	https://www.kimovil.com/en/where-to-buy-huawei-honor-6x-weu-4gb-64gb
nubia N2	R$ 610	https://www.kimovil.com/en/where-to-buy-nubia-n2
Elephone P8 2017	R$ 566	https://www.kimovil.com/en/where-to-buy-elephone-p8-2017
Samsung Galaxy A6 Plus (2018)	R$ 1,174	https://www.kimovil.com/en/where-to-buy-samsung-galaxy-a6-plus-20183gb-32gb-duos
Elephone Soldier	R$ 974	https://www.kimovil.com/en/where-to-buy-elephone-soldier
Lenovo K6 Power	--	https://www.kimovil.com/en/where-to-buy-lenovo-k6-power
InFocus Vision 3 Pro	--	https://www.kimovil.com/en/where-to-buy-infocus-vision-3-pro
Asus ZenFone Pegasus 3S	R$ 749	https://www.kimovil.com/en/where-to-buy-asus-zenfone-pegasus-3s
Huawei Nova Plus	R$ 1,329	https://www.kimovil.com/en/where-to-buy-huawei-nova-plus
Xiaomi Redmi 3 Pro	R$ 580	https://www.kimovil.com/en/where-to-buy-xiaomi-redmi-3-pro
Asus ZenFone 5 Selfie Pro	R$ 1,629	https://www.kimovil.com/en/where-to-buy-asus-zenfone-5-selfie-pro-128gb
Vivo Y73	R$ 753	https://www.kimovil.com/en/where-to-buy-vivo-y73v1731ca-3gb-64gb
Doogee N10	R$ 310	https://www.kimovil.com/en/where-to-buy-doogee-y7
Asus ZenFone Max (M1)	R$ 504	https://www.kimovil.com/en/where-to-buy-asus-zenfone-max-m1-zb556kl
Poptel P9000 Max	R$ 768	https://www.kimovil.com/en/where-to-buy-poptel-p9000-max
Wiko View 2 Plus	--	https://www.kimovil.com/en/where-to-buy-wiko-view-2-plus
Nomu S50 Pro	R$ 986	https://www.kimovil.com/en/where-to-buy-nomu-s50-pro
BlackBerry Motion	--	https://www.kimovil.com/en/where-to-buy-blackberry-motion
Oukitel U18	R$ 349	https://www.kimovil.com/en/where-to-buy-oukitel-u18
Koolnee K1 Trio	R$ 827	https://www.kimovil.com/en/where-to-buy-koolnee-k1-trio
Samsung Galaxy A6 Plus (2018)	--	https://www.kimovil.com/en/where-to-buy-samsung-galaxy-a6-plus-2018
Asus ZenFone 4 Max	R$ 1,299	https://www.kimovil.com/en/where-to-buy-asus-zenfone-4-max
Samsung Galaxy On Max	--	https://www.kimovil.com/en/where-to-buy-samsung-galaxy-on-max
Motorola Moto E4 Plus	R$ 646	https://www.kimovil.com/en/where-to-buy-motorola-moto-e4-plus-32gb
Asus ZenFone 4 Max ZC520KL	R$ 582	https://www.kimovil.com/en/where-to-buy-asus-zenfone-4-max-zc520kl
Huawei Honor 7x	R$ 997	https://www.kimovil.com/en/where-to-buy-huawei-honor-7x-128gb
Asus ZenFone 3S Max	R$ 433	https://www.kimovil.com/en/where-to-buy-asus-zenfone-3s-max
Asus ZenFone 3S Max	R$ 473	https://www.kimovil.com/en/where-to-buy-asus-zenfone-3s-max-64gb
Huawei Honor 8 Pro	--	https://www.kimovil.com/en/where-to-buy-huawei-honor-8-pro
Gionee S10	R$ 688	https://www.kimovil.com/en/where-to-buy-gionee-s10
Philips Xenium X598	R$ 477	https://www.kimovil.com/en/where-to-buy-philips-xenium-x598
Doogee S55	R$ 543	https://www.kimovil.com/en/where-to-buy-doogee-s55
Huawei Honor 9i	--	https://www.kimovil.com/en/where-to-buy-huawei-honor-9i-india
Huawei Honor 6X	R$ 772	https://www.kimovil.com/en/where-to-buy-huawei-honor-6x
Huawei Honor 6X	R$ 1,029	https://www.kimovil.com/en/where-to-buy-huawei-honor-6x-64gb
Meizu M5 note	R$ 390	https://www.kimovil.com/en/where-to-buy-meizu-m5-note-3gb-32gb
Asus ZenFone 3 Max ZC553KL	R$ 734	https://www.kimovil.com/en/where-to-buy-asus-zenfone-3-zc553kl-3gb-32gb
Moto Z Play	R$ 1,594	https://www.kimovil.com/en/where-to-buy-lenovo-moto-z-play-32gb-dual
Meizu M3 Max	R$ 946	https://www.kimovil.com/en/where-to-buy-meizu-m3-max
Lenovo Vibe P1	--	https://www.kimovil.com/en/where-to-buy-lenovo-vibe-p13gb-32gb
Lenovo A5	R$ 427	https://www.kimovil.com/en/where-to-buy-lenovo-a5-32gb-cmcc
Sharp R1	R$ 272	https://www.kimovil.com/en/where-to-buy-sharp-r1
Motorola Moto E5 Plus	R$ 729	https://www.kimovil.com/en/where-to-buy-motorola-moto-e5-plus-3gb-32gb-latam
Poptel P10	R$ 697	https://www.kimovil.com/en/where-to-buy-poptel-p10
Oukitel WP1	R$ 630	https://www.kimovil.com/en/where-to-buy-oukitel-wp1
Samsung Galaxy J6+	R$ 834	https://www.kimovil.com/en/where-to-buy-samsung-galaxy-j6-plus
Samsung Galaxy J6+	R$ 809	https://www.kimovil.com/en/where-to-buy-samsung-galaxy-j6-plus-3gb-32gb
Panasonic Eluga Ray 600	--	https://www.kimovil.com/en/where-to-buy-panasonic-eluga-ray-600
Vernee M6	R$ 373	https://www.kimovil.com/en/where-to-buy-vernee-m6
Alcatel A7 Xl	R$ 739	https://www.kimovil.com/en/where-to-buy-alcatel-a7-xl
Oukitel WP5000	R$ 741	https://www.kimovil.com/en/where-to-buy-oukitel-wp5000
Asus ZenFone Pegasus 4A	R$ 394	https://www.kimovil.com/en/where-to-buy-asus-zenfone-pegasus-4a
Huawei Y7 Prime	--	https://www.kimovil.com/en/where-to-buy-huawei-y7-prime
HomTom S8	R$ 394	https://www.kimovil.com/en/where-to-buy-homtom-s8
Kenxinda S9	R$ 349	https://www.kimovil.com/en/where-to-buy-kenxinda-s9
Ulefone Power 2	R$ 652	https://www.kimovil.com/en/where-to-buy-ulefone-power-2
Samsung Galaxy C7	R$ 959	https://www.kimovil.com/en/where-to-buy-samsung-galaxy-c7-c7000-32gb
Oppo R11 Plus	R$ 1,695	https://www.kimovil.com/en/where-to-buy-oppo-r11-plus
Infinix Hot S3	--	https://www.kimovil.com/en/where-to-buy-infinix-hot-s3
Samsung Galaxy On Nxt	--	https://www.kimovil.com/en/where-to-buy-samsung-galaxy-on-nxt-64gb
Blackview P2	R$ 487	https://www.kimovil.com/en/where-to-buy-blackview-p2
Bluboo Maya Max	R$ 564	https://www.kimovil.com/en/where-to-buy-bluboo-maya-max
Lenovo Phab 2 Plus	--	https://www.kimovil.com/en/where-to-buy-lenovo-phab-2-plus
Oppo R9 Plus	R$ 1,568	https://www.kimovil.com/en/where-to-buy-oppo-r9-plus
Doogee F7	R$ 710	https://www.kimovil.com/en/where-to-buy-doogee-f7
UMi Super	R$ 1,031	https://www.kimovil.com/en/where-to-buy-umi-super
Motorola Moto G6 Play	R$ 764	https://www.kimovil.com/en/where-to-buy-motorola-moto-g6-play-latam
Motorola Moto G6 Play	--	https://www.kimovil.com/en/where-to-buy-motorola-moto-g6-play-india
Vernee M3	R$ 275	https://www.kimovil.com/en/where-to-buy-vernee-m3
HiSense A6	R$ 1,835	https://www.kimovil.com/en/where-to-buy-hisense-a6
Nomu T18	R$ 998	https://www.kimovil.com/en/where-to-buy-nomu-t18
Gome K1	R$ 1,181	https://www.kimovil.com/en/where-to-buy-gome-k1-128gb
HomTom H5	R$ 339	https://www.kimovil.com/en/where-to-buy-homtom-h5
Meiigoo S8	R$ 504	https://www.kimovil.com/en/where-to-buy-meiigoo-s8
Oukitel K3	R$ 418	https://www.kimovil.com/en/where-to-buy-oukitel-k3
Maze Comet	R$ 737	https://www.kimovil.com/en/where-to-buy-maze-comet
HomTom S9 Plus	R$ 497	https://www.kimovil.com/en/where-to-buy-homtom-s9-plus
Oukitel K6000 Plus	R$ 591	https://www.kimovil.com/en/where-to-buy-oukitel-k6000-plus
Xiaomi Redmi 4X	--	https://www.kimovil.com/en/where-to-buy-xiaomi-redmi-4x-4gb-64gb
BlackBerry KEY2	R$ 2,059	https://www.kimovil.com/en/where-to-buy-blackberry-key2
HomTom H10	R$ 394	https://www.kimovil.com/en/where-to-buy-homtom-h10
Meizu M5 note	R$ 767	https://www.kimovil.com/en/where-to-buy-meizu-m5-note-4gb-64gb
Moto Z Play	--	https://www.kimovil.com/en/where-to-buy-lenovo-moto-z-play
Gigaset GS270 Plus	--	https://www.kimovil.com/en/where-to-buy-gigaset-gs270-plus
Flipkart Bilion Capture+	R$ 272	https://www.kimovil.com/en/where-to-buy-flipkart-bilion-capture-plus
Samsung Galaxy J7 Max	R$ 975	https://www.kimovil.com/en/where-to-buy-samsung-galaxy-j7-max
Uhans Max 2	R$ 513	https://www.kimovil.com/en/where-to-buy-uhans-max-2
Oukitel Mix 2	R$ 660	https://www.kimovil.com/en/where-to-buy-oukitel-mix-2-6gb
Meiigoo Note 8	R$ 670	https://www.kimovil.com/en/where-to-buy-meiigoo-note-8
Blackview P2 lite	--	https://www.kimovil.com/en/where-to-buy-blackview-p2-lite
Samsung Galaxy C7 Pro	R$ 1,331	https://www.kimovil.com/en/where-to-buy-samsung-galaxy-c7-pro
Oukitel K10000 Pro	R$ 699	https://www.kimovil.com/en/where-to-buy-oukitel-k10000-pro
Huawei Nova 2 Plus	R$ 1,329	https://www.kimovil.com/en/where-to-buy-huawei-nova-2-plus
YU Yunicorn	--	https://www.kimovil.com/en/where-to-buy-yu-yunicorn
Huawei Honor Holly 4 Plus	--	https://www.kimovil.com/en/where-to-buy-huawei-honor-holly-4-plus
Coolpad Note 6	--	https://www.kimovil.com/en/where-to-buy-coolpad-note-6
Lenovo Vibe P1 Turbo	--	https://www.kimovil.com/en/where-to-buy-lenovo-vibe-p1-turbo
LG Q8 (2018)	R$ 1,400	https://www.kimovil.com/en/where-to-buy-lg-q8-2018
Vivo X7 Plus	R$ 1,586	https://www.kimovil.com/en/where-to-buy-vivo-x7-plus
Samsung Galaxy C7	R$ 1,241	https://www.kimovil.com/en/where-to-buy-samsung-galaxy-c7
Asus ZenFone 3 Max ZC520TL	R$ 624	https://www.kimovil.com/en/where-to-buy-asus-zenfone-3-maxzc520tl3gb-32gb
VK7000	R$ 660	https://www.kimovil.com/en/where-to-buy-vkworld-vk7000
Gigaset GS280	--	https://www.kimovil.com/en/where-to-buy-gigaset-gs280
Yota Devices YotaPhone 3	R$ 1,172	https://www.kimovil.com/en/where-to-buy-yota-devices-yotaphone-3
Oukitel K5000	R$ 660	https://www.kimovil.com/en/where-to-buy-oukitel-k5000
ZTE Blade A3 (2017)	R$ 465	https://www.kimovil.com/en/where-to-buy-zte-blade-a3-2017
Lenovo K6 Note	--	https://www.kimovil.com/en/where-to-buy-lenovo-k6-note-4gb
Panasonic Eluga Ray 700	--	https://www.kimovil.com/en/where-to-buy-panasonic-eluga-ray-700
Panasonic Eluga Ray 500	--	https://www.kimovil.com/en/where-to-buy-panasonic-eluga-ray-500
Coolpad Note 6	--	https://www.kimovil.com/en/where-to-buy-coolpad-note-6-4gb
ZTE Blade A610 Plus	--	https://www.kimovil.com/en/where-to-buy-zte-blade-a610-plus
Panasonic Eluga Ray X	--	https://www.kimovil.com/en/where-to-buy-panasonic-eluga-ray-x
InFocus Turbo 5s	--	https://www.kimovil.com/en/where-to-buy-infocus-turbo-5s
BlackBerry KEY2	--	https://www.kimovil.com/en/where-to-buy-blackberry-key2-128gb
HomTom HT50	R$ 325	https://www.kimovil.com/en/where-to-buy-homtom-ht50
Samsung Galaxy A7 (2017)	--	https://www.kimovil.com/en/where-to-buy-samsung-galaxy-a7-2017
Coolpad Note 5	--	https://www.kimovil.com/en/where-to-buy-coolpad-note-5
Archos Sense 50x	--	https://www.kimovil.com/en/where-to-buy-archos-sense-50x
Asus ZenFone AR	--	https://www.kimovil.com/en/where-to-buy-asus-zenfone-ar-6gb-128gb
Vernee Thor Plus	R$ 519	https://www.kimovil.com/en/where-to-buy-vernee-thor-plus
Zoji Z8	R$ 390	https://www.kimovil.com/en/where-to-buy-zoji-z8
ZTE Blade A6	--	https://www.kimovil.com/en/where-to-buy-zte-blade-a6-premium
Blackview BV7000 Pro	R$ 614	https://www.kimovil.com/en/where-to-buy-blackview-bv7000-pro
Huawei Enjoy 7 Plus	R$ 966	https://www.kimovil.com/en/where-to-buy-huawei-enjoy-7-plus
Elephone U Pro	--	https://www.kimovil.com/en/where-to-buy-elephone-u-pro-4gb-64gb
Panasonic Eluga A4	--	https://www.kimovil.com/en/where-to-buy-panasonic-eluga-a4
Huawei Nova Plus	R$ 1,681	https://www.kimovil.com/en/where-to-buy-huawei-nova-plus-4gb-64gb
HomTom HT20 Pro	--	https://www.kimovil.com/en/where-to-buy-homtom-ht20-pro
Uhans Note 4	R$ 628	https://www.kimovil.com/en/where-to-buy-uhans-note-4
Doogee S60	R$ 908	https://www.kimovil.com/en/where-to-buy-doogee-s60
InnJoo Pro 2	--	https://www.kimovil.com/en/where-to-buy-innjoo-pro-2
Uhans U300	--	https://www.kimovil.com/en/where-to-buy-uhans-u300
Quantum V	R$ 1,849	https://www.kimovil.com/en/where-to-buy-quantum-v
Doogee S60	R$ 563	https://www.kimovil.com/en/where-to-buy-doogee-s60-lite
UMi Plus Extreme	R$ 1,832	https://www.kimovil.com/en/where-to-buy-umi-plus-extreme
Huawei Mate RS	--	https://www.kimovil.com/en/where-to-buy-huawei-mate-rs
HP Elite x3	--	https://www.kimovil.com/en/where-to-buy-hp-elite-x3
