Name,Price,Link
Xiaomi Mi 9,1693,https://www.kimovil.com/en/where-to-buy-xiaomi-mi-9
Samsung Galaxy S10 Plus,5819,https://www.kimovil.com/en/where-to-buy-samsung-galaxy-s10-plus-sm-g975f-1tb
OnePlus 7,1969,https://www.kimovil.com/en/where-to-buy-oneplus-7-8gb-256gb-cn
OnePlus 7,2363,https://www.kimovil.com/en/where-to-buy-oneplus-7-12gb-256gb-cn
Oneplus 6T,1599,https://www.kimovil.com/en/where-to-buy-oneplus-6t-cn-in-8gb-128gb
Xiaomi Mi 9,1491,https://www.kimovil.com/en/where-to-buy-xiaomi-mi-9-global
OnePlus 7,2654,https://www.kimovil.com/en/where-to-buy-oneplus-7-8gb-256gb-global
Oneplus 6T,2329,https://www.kimovil.com/en/where-to-buy-oneplus-6t-cn-6gb-128gb
Xiaomi Mi 9,1808,https://www.kimovil.com/en/where-to-buy-xiaomi-mi-9-8gb-cn
Xiaomi Mi 9,1696,https://www.kimovil.com/en/where-to-buy-xiaomi-mi-9-global-128gb
Xiaomi Mi Mix 2s,1142,https://www.kimovil.com/en/where-to-buy-xiaomi-mi-mix-2s-global
Oneplus 6T,1909,https://www.kimovil.com/en/where-to-buy-oneplus-6t-8gb-128gb
Oneplus 6T,2087,https://www.kimovil.com/en/where-to-buy-oneplus-6t-cn-in-8gb-256gb
Samsung Galaxy S10 Plus,3437,https://www.kimovil.com/en/where-to-buy-samsung-galaxy-s10-plus
Huawei Mate 20X,2186,https://www.kimovil.com/en/where-to-buy-huawei-mate-20x
OnePlus 7 Pro,2572,https://www.kimovil.com/en/where-to-buy-oneplus-7-pro-cn
Xiaomi Mi8,1902,https://www.kimovil.com/en/where-to-buy-xiaomi-mi8-8gb
Oneplus 6T,2653,https://www.kimovil.com/en/where-to-buy-oneplus-6t
Nubia Red Magic 3,2287,https://www.kimovil.com/en/where-to-buy-nubia-red-magic-3
Nubia Red Magic 3,1796,https://www.kimovil.com/en/where-to-buy-nubia-red-magic-3-6gb-128gb-nx628j
OnePlus 7 Pro,2879,https://www.kimovil.com/en/where-to-buy-oneplus-7-pro-8gb-256gb-cn
Xiaomi Mi Mix 2s,1516,https://www.kimovil.com/en/where-to-buy-xiaomi-mi-mix-2s-global-128gb
Huawei Mate 20X,2830,https://www.kimovil.com/en/where-to-buy-huawei-mate-20x-l29
OnePlus 6,1456,https://www.kimovil.com/en/where-to-buy-oneplus-6-cn
OnePlus 6,1548,https://www.kimovil.com/en/where-to-buy-oneplus-6-8gb-128gb
Xiaomi Mi8,1209,https://www.kimovil.com/en/where-to-buy-xiaomi-mi8-6gb-64gb
Xiaomi Mi8,1260,https://www.kimovil.com/en/where-to-buy-xiaomi-mi8-6gb-128gb
OnePlus 7 Pro,2855,https://www.kimovil.com/en/where-to-buy-oneplus-7-pro
OnePlus 7 Pro,3131,https://www.kimovil.com/en/where-to-buy-oneplus-7-pro-8gb-256gb
Xiaomi Mi8 Global,1242,https://www.kimovil.com/en/where-to-buy-xiaomi-mi8
Xiaomi Mi8 Global,1335,https://www.kimovil.com/en/where-to-buy-xiaomi-mi8-global-128gb
Oneplus 6T,2833,https://www.kimovil.com/en/where-to-buy-oneplus-6t-8gb-256gb
Samsung Galaxy S10,3024,https://www.kimovil.com/en/where-to-buy-samsung-galaxy-s10
Pocophone F1,1198,https://www.kimovil.com/en/where-to-buy-xiaomi-pocophone-f1-6gb-128gb
Xiaomi Mi Mix 2s,1142,https://www.kimovil.com/en/where-to-buy-xiaomi-mi-mix-2s
Huawei P20 Pro,2347,https://www.kimovil.com/en/where-to-buy-huawei-p20-pro
OnePlus 6,2036,https://www.kimovil.com/en/where-to-buy-oneplus-6-eu-128gb
Xiaomi Mi8,1695,https://www.kimovil.com/en/where-to-buy-xiaomi-mi8-6gb-256gb
Redmi Note 7 Pro,901,https://www.kimovil.com/en/where-to-buy-xiaomi-redmi-note-7-pro-cn
Xiaomi Black Shark 2,1753,https://www.kimovil.com/en/where-to-buy-black-shark-black-shark-2
ZTE Axon 10 Pro,2639,https://www.kimovil.com/en/where-to-buy-zte-axon-10-pro
Nubia Red Magic 3,2135,https://www.kimovil.com/en/where-to-buy-nubia-red-magic-3-8gb-128gb-nx628j
OnePlus 7 Pro,3383,https://www.kimovil.com/en/where-to-buy-oneplus-7-pro-12gb-256gb-cn
Pocophone F1,1036,https://www.kimovil.com/en/where-to-buy-xiaomi-pocophone-f1
Huawei Mate 20 PRO,2879,https://www.kimovil.com/en/where-to-buy-huawei-mate-20-pro
Huawei Mate 20X,3032,https://www.kimovil.com/en/where-to-buy-huawei-mate-20x-256gb
Samsung Galaxy S9+,2383,https://www.kimovil.com/en/where-to-buy-samsung-galaxy-s9-plus-dualsim-128gb
Xiaomi Mi Mix 2s,2140,https://www.kimovil.com/en/where-to-buy-xiaomi-mi-mix-2s-128gb
OnePlus 6,1930,https://www.kimovil.com/en/where-to-buy-oneplus-6-8gb-256gb
Huawei Mate 20,1900,https://www.kimovil.com/en/where-to-buy-huawei-mate-20
OnePlus 6,1871,https://www.kimovil.com/en/where-to-buy-oneplus-6
OnePlus 6,2298,https://www.kimovil.com/en/where-to-buy-oneplus-6-eu-256gb
Xiaomi Black Shark 2,2623,https://www.kimovil.com/en/where-to-buy-black-shark-2
Xiaomi Black Shark 2,2107,https://www.kimovil.com/en/where-to-buy-black-shark-black-shark-2-8gb-256gb
Xiaomi Black Shark 2,1969,https://www.kimovil.com/en/where-to-buy-black-shark-black-shark-2-8gb-128gb
Huawei P30 Pro,3893,https://www.kimovil.com/en/where-to-buy-huawei-p30-pro
Huawei P30 Pro,3556,https://www.kimovil.com/en/where-to-buy-huawei-p30-pro-8gb-128gb
Huawei P30 Pro,4020,https://www.kimovil.com/en/where-to-buy-huawei-p30-pro-8gb-256
Huawei P30 Pro,3269,https://www.kimovil.com/en/where-to-buy-huawei-p30-pro-8gb-128gb-al00
OnePlus 7 Pro,3612,https://www.kimovil.com/en/where-to-buy-oneplus-7-pro-12gb-256gb-global
Meizu 16th Plus,1654,https://www.kimovil.com/en/where-to-buy-meizu-16th-plus-8gb-256gb-cn
Samsung Galaxy Note 9,2493,https://www.kimovil.com/en/where-to-buy-samsung-galaxy-note-9-dual-eu
Huawei Honor V20,1544,https://www.kimovil.com/en/where-to-buy-huawei-honor-v20
Huawei Honor V20,1650,https://www.kimovil.com/en/where-to-buy-huawei-honor-v20-8gb
Samsung Galaxy Note 9,2680,https://www.kimovil.com/en/where-to-buy-samsung-galaxy-note--n9600
Xiaomi Mi 9,3143,https://www.kimovil.com/en/where-to-buy-xiaomi-mi-9-battle-angel
Samsung Galaxy S10 Plus,4414,https://www.kimovil.com/en/where-to-buy-samsung-galaxy-s10-plus-sm-g975f-512gb
Pocophone F1,2135,https://www.kimovil.com/en/where-to-buy-xiaomi-poco-f1-256gb
Huawei Mate 20 PRO,2450,https://www.kimovil.com/en/where-to-buy-huawei-mate-20-pro-al10
Huawei P20 Pro,1816,https://www.kimovil.com/en/where-to-buy-huawei-p20-pro-al00-6gb-64gb
Asus Zenfone 5z,2717,https://www.kimovil.com/en/where-to-buy-asus-zenfone-5z-8gb-256gb
Xiaomi Black Shark 2,2127,https://www.kimovil.com/en/where-to-buy-black-shark-black-shark-2-global
Huawei P30,2272,https://www.kimovil.com/en/where-to-buy-huawei-p30-al00
Huawei Mate 10,3226,https://www.kimovil.com/en/where-to-buy-huawei-mate-10
Huawei Mate 10,1329,https://www.kimovil.com/en/where-to-buy-huawei-mate-10-l09
Samsung Galaxy S9+,2727,https://www.kimovil.com/en/where-to-buy-samsung-galaxy-s9-plus
Samsung Galaxy S8+,2166,https://www.kimovil.com/en/where-to-buy-samsung-galaxy-s8-plus
Samsung Galaxy S8+,1703,https://www.kimovil.com/en/where-to-buy-samsung-galaxy-s8-plus4gb-64gb-g955fd
Meizu 16th Plus,1654,https://www.kimovil.com/en/where-to-buy-meizu-16th-plus
Meizu 16th Plus,1654,https://www.kimovil.com/en/where-to-buy-meizu-16th-plus-8gb-128gb-cn
Lenovo Z5 Pro GT,1969,https://www.kimovil.com/en/where-to-buy-lenovo-z5-pro-gt
Huawei Honor V20 MOSCHINO,1880,https://www.kimovil.com/en/where-to-buy-huawei-honor-v20-moschino
Huawei Honor View 20,2214,https://www.kimovil.com/en/where-to-buy-huawei-honor-view-20
Huawei Honor View 20,2657,https://www.kimovil.com/en/where-to-buy-huawei-honor-view-28-256gb
Samsung Galaxy S9+,2271,https://www.kimovil.com/en/where-to-buy-samsung-galaxy-s9-plus-dual-sim
Samsung Galaxy S9+,2534,https://www.kimovil.com/en/where-to-buy-samsung-galaxy-s9-plusg965fd-6gb-256gb
Huawei P20 Pro,2173,https://www.kimovil.com/en/where-to-buy-huawei-p20-pro-al00-6gb-128gb
Asus Zenfone 5z,1720,https://www.kimovil.com/en/where-to-buy-asus-zenfone-5zzs620kl-vc-6gb-64gb
UMIDIGI F1 Play,776,https://www.kimovil.com/en/where-to-buy-umidigi-f1-play
Xiaomi Black Shark 2,2678,https://www.kimovil.com/en/where-to-buy-black-shark-black-shark-2-global-12gb
Huawei P30,2642,https://www.kimovil.com/en/where-to-buy-huawei-p30-8gb-128gb-al00
Xiaomi Mi 9T,1591,https://www.kimovil.com/en/where-to-buy-xiaomi-mi-9t
Xiaomi Mi 9T,1626,https://www.kimovil.com/en/where-to-buy-xiaomi-mi-9t-6gb-128gb
Xiaomi Mi Mix 2,1569,https://www.kimovil.com/en/where-to-buy-xiaomi-mi-mix-2
Huawei Mate 10,1370,https://www.kimovil.com/en/where-to-buy-huawei-mate-10-4gb-64gb-al10
OnePlus 5T,1174,https://www.kimovil.com/en/where-to-buy-oneplus-5t
OnePlus 5T,1174,https://www.kimovil.com/en/where-to-buy-oneplus-5t-8gb-128gb
Huawei Mate 10 Pro,1871,https://www.kimovil.com/en/where-to-buy-huawei-mate-10-pro-6gb-128gb
Samsung Galaxy Note 9,3343,https://www.kimovil.com/en/where-to-buy-samsung-galaxy-note-9
Oneplus 6T,3147,https://www.kimovil.com/en/where-to-buy-oneplus-6t-mclaren-cn
Redmi Note 7,604,https://www.kimovil.com/en/where-to-buy-redmi-note-7
Redmi Note 7,697,https://www.kimovil.com/en/where-to-buy-xiaomi-redmi-note-7-4gb-64gb
UMIDIGI S3 Pro,1048,https://www.kimovil.com/en/where-to-buy-umidigi-s3-pro
Redmi Note 7,612,https://www.kimovil.com/en/where-to-buy-xiaomi-redmi-note-7-global
Redmi Note 7,709,https://www.kimovil.com/en/where-to-buy-xiaomi-redmi-note-7-global-64gb
Redmi Note 7,764,https://www.kimovil.com/en/where-to-buy-xiaomi-redmi-note-7-global-4gb-128gb
Oppo R17 Pro,3221,https://www.kimovil.com/en/where-to-buy-oppo-r17-pro
Samsung Galaxy Note 9,3493,https://www.kimovil.com/en/where-to-buy-samsung-galaxy-note-9-8gb-512gb-eu-n960fd
Pocophone F1,1900,https://www.kimovil.com/en/where-to-buy-xiaomi-poco-f1-armoured-edition
Asus Zenfone 5z,1767,https://www.kimovil.com/en/where-to-buy-asus-zenfone-5z-zs620kl-va
Nokia X7,957,https://www.kimovil.com/en/where-to-buy-nokia-x7
Huawei Mate 20,1749,https://www.kimovil.com/en/where-to-buy-huawei-mate-20-al00
Samsung Galaxy S9+,2565,https://www.kimovil.com/en/where-to-buy-samsung-galaxy-s9-plus-eu
Samsung Galaxy S9+,2727,https://www.kimovil.com/en/where-to-buy-samsung-galaxy-s9-plus-g965-6gb-128gb
Redmi Note 7,736,https://www.kimovil.com/en/where-to-buy-xiaomi-redmi-note-7-cn-4gb-128gb
Huawei P30,2980,https://www.kimovil.com/en/where-to-buy-huawei-p30-8gb-256gb-al00
Asus ZenFone 6,2169,https://www.kimovil.com/en/where-to-buy-asus-zenfone-6
Xiaomi Mi MIX 2,1785,https://www.kimovil.com/en/where-to-buy-xiaomi-mi-mix-2-6gb-256gb
Xiaomi Mi MIX 2,1358,https://www.kimovil.com/en/where-to-buy-xiaomi-mi-mix-2-6gb-128gb
Xiaomi Mi MIX 2,1569,https://www.kimovil.com/en/where-to-buy-xiaomi-mi-mix-2-special-edition
Google Pixel 2 XL,1434,https://www.kimovil.com/en/where-to-buy-google-pixel-2-xl
Huawei Mate 10,2479,https://www.kimovil.com/en/where-to-buy-huawei-mate-10-6gb-128gb
Google Pixel 2 XL,1453,https://www.kimovil.com/en/where-to-buy-google-pixel-2-xl-128gb
Vivo NEX S,2092,https://www.kimovil.com/en/where-to-buy-vivo-nex-ultimate
HTC U12+,2548,https://www.kimovil.com/en/where-to-buy-htc-u12-plus-6gb-128gb
Samsung Galaxy S7 Edge,1264,https://www.kimovil.com/en/where-to-buy-samsung-galaxy-s7-edgesm-g9350-dual
Nokia X7,1222,https://www.kimovil.com/en/where-to-buy-nokia-x7-ta-1131-6gb-64gb
Nokia X7,1262,https://www.kimovil.com/en/where-to-buy-nokia-x7-ta-1131-6gb-128gb
Lenovo Z5 Pro,1041,https://www.kimovil.com/en/where-to-buy-lenovo-z5-pro
Nubia Red Magic Mars,1374,https://www.kimovil.com/en/where-to-buy-nubia-red-magic-mars
UMIDIGI F1,610,https://www.kimovil.com/en/where-to-buy-umidigi-f1
Huawei nova 4,1677,https://www.kimovil.com/en/where-to-buy-huawei-nova-4-high
Redmi Note 7,795,https://www.kimovil.com/en/where-to-buy-xiaomi-redmi-note-7-6gb-64gb
Meizu Note 9,760,https://www.kimovil.com/en/where-to-buy-meizu-note-9-6gb-64gb
Xiaomi Mi 9,3338,https://www.kimovil.com/en/where-to-buy-xiaomi-mi-9-8gb-128gb-global
Asus ZenFone 4 Pro,2135,https://www.kimovil.com/en/where-to-buy-asus-zenfone-4-pro-64gb
Xiaomi Redmi Note 6 Pro,586,https://www.kimovil.com/en/where-to-buy-xiaomi-redmi-note-6-pro
Xiaomi Redmi Note 6 Pro,630,https://www.kimovil.com/en/where-to-buy-xiaomi-redmi-note-6-pro-64gb
Xiaomi Mi8 Lite,889,https://www.kimovil.com/en/where-to-buy-xiaomi-mi8-lite-global
Huawei Mate 20 PRO,3170,https://www.kimovil.com/en/where-to-buy-huawei-mate-20-pro-8gb-128gb-al10
Xiaomi Mi8 Lite,693,https://www.kimovil.com/en/where-to-buy-xiaomi-mi8-lite-global-64gb
Asus Zenfone 5z,1990,https://www.kimovil.com/en/where-to-buy-asus-zenfone-5z
Xiaomi Mi Mix 2s,2915,https://www.kimovil.com/en/where-to-buy-xiaomi-mi-mix-2s-256gb
LG G6,1900,https://www.kimovil.com/en/where-to-buy-lg-g6-h870ds-32gb
Nubia Z18,1546,https://www.kimovil.com/en/where-to-buy-nubia-z18
Meizu 15 Plus,1240,https://www.kimovil.com/en/where-to-buy-meizu-15-plus-64gb-global
Meizu Note 9,756,https://www.kimovil.com/en/where-to-buy-meizu-note-9-global
Huawei P30 Pro,4966,https://www.kimovil.com/en/where-to-buy-huawei-p30-pro-8gb-512gb
Huawei P30,3105,https://www.kimovil.com/en/where-to-buy-huawei-p30-8gb-128gb
Huawei P30 Pro,4040,https://www.kimovil.com/en/where-to-buy-huawei-p30-pro-8gb-256gb-al00
Asus Zenfone 5z,2899,https://www.kimovil.com/en/where-to-buy-asus-zenfone-5z-zs620kl-va-8gb-256gb
Xiaomi Mi Note 3,797,https://www.kimovil.com/en/where-to-buy-xiaomi-mi-note-3-128gb
Huawei Mate 10 Pro,1812,https://www.kimovil.com/en/where-to-buy-huawei-mate-10-pro
LG V30,1562,https://www.kimovil.com/en/where-to-buy-lg-v30-plus
LG G6,1387,https://www.kimovil.com/en/where-to-buy-lg-g6eu-lgh870-dualsim
Samsung Galaxy S8+,2386,https://www.kimovil.com/en/where-to-buy-samsung-galaxy-s8-plus-6gb-128gb
Samsung Galaxy S7 Edge,1752,https://www.kimovil.com/en/where-to-buy-samsung-galaxy-s7-edge-eu
Xiaomi Black Shark Helo,1768,https://www.kimovil.com/en/where-to-buy-xiaomi-black-shark-helo
Xiaomi Black Shark Helo,1851,https://www.kimovil.com/en/where-to-buy-xiaomi-black-shark-helo-8gb
Huawei Honor Magic 2,1785,https://www.kimovil.com/en/where-to-buy-huawei-honor-magic-2-8gb-tny-tl00
Lenovo Z5 Pro,1157,https://www.kimovil.com/en/where-to-buy-lenovo-z5-pro-128gb
Vivo NEX Dual Display,2682,https://www.kimovil.com/en/where-to-buy-vivo-nex-dual-display
Lenovo Z5 Pro GT,2665,https://www.kimovil.com/en/where-to-buy-lenovo-z5-pro-gt-8gb-256gb
UMIDIGI F1,699,https://www.kimovil.com/en/where-to-buy-umidigi-f1-global
Meizu Note 9,747,https://www.kimovil.com/en/where-to-buy-meizu-note-9
Redmi Note 7,1083,https://www.kimovil.com/en/where-to-buy-xiaomi-redmi-note-7-cn-128gb
Vivo iQoo,1902,https://www.kimovil.com/en/where-to-buy-vivo-iqoo
Xiaomi Mi8 Lite,678,https://www.kimovil.com/en/where-to-buy-xiaomi-mi8-lite
Xiaomi Mi8 Lite,799,https://www.kimovil.com/en/where-to-buy-xiaomi-mi8-lite-6gb
Xiaomi Mi8 Lite,977,https://www.kimovil.com/en/where-to-buy-xiaomi-mi8-lite6gb-128gb
Ulefone Armor 3,912,https://www.kimovil.com/en/where-to-buy-ulefone-armor-3
Nokia 8.1,1389,https://www.kimovil.com/en/where-to-buy-nokia-8-1
Razer Phone 2,2435,https://www.kimovil.com/en/where-to-buy-razer-phone-2
Huawei Mate 20,2738,https://www.kimovil.com/en/where-to-buy-huawei-mate-20-6gb-128gb-al00
Huawei Honor Magic 2,1682,https://www.kimovil.com/en/where-to-buy-huawei-honor-magic-2
Asus Zenfone 5,1019,https://www.kimovil.com/en/where-to-buy-asus-zenfone-5-ze620kl
Meizu 15 Plus,1956,https://www.kimovil.com/en/where-to-buy-meizu-15-plus-6gb-128gb
UMIDIGI Z2 Pro,776,https://www.kimovil.com/en/where-to-buy-umidigi-z2-pro
Meizu 15 Plus,2212,https://www.kimovil.com/en/where-to-buy-meizu-15-plus-6gb-128gb-global
Meizu Note 9,910,https://www.kimovil.com/en/where-to-buy-meizu-note-9m923h-4gb-128gb-global
Huawei P30 Pro,4530,https://www.kimovil.com/en/where-to-buy-huawei-p30-pro-8gb-512gb-al00
UMIDIGI A5 Pro,398,https://www.kimovil.com/en/where-to-buy-umidigi-a5-pro
Asus ZenFone 6,2542,https://www.kimovil.com/en/where-to-buy-asus-zenfone-6eu-6gb-128gb
Asus Zenfone 5z,2199,https://www.kimovil.com/en/where-to-buy-asus-zenfone-5z-zs620kl-va-4gb-64gb
Samsung Galaxy Note 8,2159,https://www.kimovil.com/en/where-to-buy-samsung-galaxy-note-8-dual-sim
Xiaomi Mi Note 3,788,https://www.kimovil.com/en/where-to-buy-xiaomi-mi-note-3
OnePlus 5,1690,https://www.kimovil.com/en/where-to-buy-oneplus-5-a5000-plus
Vivo NEX S,3414,https://www.kimovil.com/en/where-to-buy-vivo-nex-ultimate-8gb-256gb
Asus Zenfone 5z,2422,https://www.kimovil.com/en/where-to-buy-asus-zenfone-5z-zs620kl-vc-6gb-128gb
Ulefone Armor 3T,990,https://www.kimovil.com/en/where-to-buy-ulefone-armor-3t-antena
Nubia X,1772,https://www.kimovil.com/en/where-to-buy-nubia-x-128gb
Nubia Red Magic Mars,1874,https://www.kimovil.com/en/where-to-buy-nubia-red-magic-mars-8gb-128gb
Oneplus 6T,3982,https://www.kimovil.com/en/where-to-buy-oneplus-6t-mclaren-eu
Sony Xperia XZ3,2314,https://www.kimovil.com/en/where-to-buy-sony-xperia-xz3-h9493
Vivo V15 Pro,1577,https://www.kimovil.com/en/where-to-buy-vivo-v15-pro
Lenovo S5 Pro,629,https://www.kimovil.com/en/where-to-buy-lenovo-s5-pro-6gb-128gb
Vivo iQOO,2251,https://www.kimovil.com/en/where-to-buy-vivo-iqoo-8gb-128gb
Meizu Note 9,1125,https://www.kimovil.com/en/where-to-buy-meizu-note-9-128gb
Google Pixel 3 XL,2951,https://www.kimovil.com/en/where-to-buy-google-pixel-3-xl
Lenovo S5 Pro,647,https://www.kimovil.com/en/where-to-buy-lenovo-s5-pro
Huawei Mate 20 PRO,3614,https://www.kimovil.com/en/where-to-buy-huawei-mate-20-pro-8gb-256gb-al10
Sony Xperia XZ2 Premium,1992,https://www.kimovil.com/en/where-to-buy-sony-xperia-xz2-premium
UMIDIGI Z2,523,https://www.kimovil.com/en/where-to-buy-umidigi-z2
Nubia Z18,1743,https://www.kimovil.com/en/where-to-buy-nubia-z18-8gb-128gb
Huawei Honor 10,983,https://www.kimovil.com/en/where-to-buy-huawei-honor-10-eu-128gb
Vivo V15 Pro,1577,https://www.kimovil.com/en/where-to-buy-vivo-v15-pro-global
Realme X Lite,1087,https://www.kimovil.com/en/where-to-buy-realme-x-lite-6gb-64gb
LG G6,1352,https://www.kimovil.com/en/where-to-buy-lg-g6lgh870ds-128gb
Asus ZenFone 4 ZE554KL,658,https://www.kimovil.com/en/where-to-buy-asus-zenfone-4-ze554kl-sd660
Huawei Mate 10 Pro,3085,https://www.kimovil.com/en/where-to-buy-huawei-mate-10-pro-128gb
Xiaomi Mi Note 3,871,https://www.kimovil.com/en/where-to-buy-xiaomi-mi-note-34gb-64gb
LG G6,2999,https://www.kimovil.com/en/where-to-buy-lg-g6
Xiaomi Mi6,1280,https://www.kimovil.com/en/where-to-buy-xiaomi-mi-6
OnePlus 5,1287,https://www.kimovil.com/en/where-to-buy-oneplus-5
Huawei Honor Play,910,https://www.kimovil.com/en/where-to-buy-huawei-honor-play-6gb
Samsung Galaxy A8s,1182,https://www.kimovil.com/en/where-to-buy-samsung-galaxy-a8s
Huawei nova 4,1304,https://www.kimovil.com/en/where-to-buy-huawei-nova-4
Lenovo Z5s,745,https://www.kimovil.com/en/where-to-buy-lenovo-z5s
Huawei Mate 20 PRO,3881,https://www.kimovil.com/en/where-to-buy-huawei-mate-20-pro-256gb-l29
UMIDIGI Z2,621,https://www.kimovil.com/en/where-to-buy-umidigi-z2-special-edition
Asus Zenfone 5,1236,https://www.kimovil.com/en/where-to-buy-asus-zenfone-5-ze620kl-vc
Sony Xperia XZ3,4112,https://www.kimovil.com/en/where-to-buy-sony-xperia-xz3
Nubia X,1851,https://www.kimovil.com/en/where-to-buy-nubia-x
Google Pixel 3 XL,3476,https://www.kimovil.com/en/where-to-buy-google-pixel-3-xl-128gb
Xiaomi Mi Max 3,889,https://www.kimovil.com/en/where-to-buy-xiaomi-mi-max-3global-4gb-64gb-cn
Asus ZenFone 4 Pro,1842,https://www.kimovil.com/en/where-to-buy-asus-zenfone-4-pro
Xiaomi Mi Max 3,893,https://www.kimovil.com/en/where-to-buy-xiaomi-mi-max-3
Meizu 15 Plus,1739,https://www.kimovil.com/en/where-to-buy-meizu-15-plus
Xiaomi Redmi Note 5,599,https://www.kimovil.com/en/where-to-buy-xiaomi-redmi-note-5-6gb-64gb
Asus ZenFone 4 ZE554KL,709,https://www.kimovil.com/en/where-to-buy-asus-zenfone-4-ze554kl-cn-sd660
Asus ZenFone 4 ZE554KL,544,https://www.kimovil.com/en/where-to-buy-asus-zenfone-4-ze554kl-tw-sd630-2
Huawei Honor 10,1083,https://www.kimovil.com/en/where-to-buy-huawei-honor-10
Huawei Honor 10,1284,https://www.kimovil.com/en/where-to-buy-huawei-honor-10-eu-64gb
Samsung Galaxy A70,1353,https://www.kimovil.com/en/where-to-buy-samsung-galaxy-a70
Ulefone Armor 6E,775,https://www.kimovil.com/en/where-to-buy-ulefone-armor-6e
Realme X Lite,1009,https://www.kimovil.com/en/where-to-buy-realme-x-lite
Realme X Lite,1242,https://www.kimovil.com/en/where-to-buy-realme-x-lite-6gb-128gb
Wiko View 3 pro,986,https://www.kimovil.com/en/where-to-buy-wiko-view-3-pro-4gb-64gb
Asus Zenfone 5z,2443,https://www.kimovil.com/en/where-to-buy-asus-zenfone-5z-zs620kl-va-6gb-128gb
Asus ZenFone 4 ZE554KL,543,https://www.kimovil.com/en/where-to-buy-asus-zenfone-4-ze554kl
Samsung Galaxy Note 8,2564,https://www.kimovil.com/en/where-to-buy-samsung-galaxy-note-8n-950fd-dual-sim-128gb
Oppo R11s Plus,1222,https://www.kimovil.com/en/where-to-buy-oppo-r11s-plus
HTC U11+,1875,https://www.kimovil.com/en/where-to-buy-htc-u11-plus
Smartisan Nut Pro 2,881,https://www.kimovil.com/en/where-to-buy-smartisan-nut-pro-2-4gb-64gb
Smartisan Nut Pro 2,1014,https://www.kimovil.com/en/where-to-buy-smartisan-nut-pro-2-6gb-64gb
Xiaomi Mi6,1373,https://www.kimovil.com/en/where-to-buy-xiaomi-mi6-4gb-64gb
Vivo NEX,2331,https://www.kimovil.com/en/where-to-buy-vivo-nex
Huawei Honor Note 10,1213,https://www.kimovil.com/en/where-to-buy-huawei-honor-note-10
Huawei Honor Note 10,1209,https://www.kimovil.com/en/where-to-buy-huawei-honor-note-10-6gb-128gb-al00
Google Pixel XL,760,https://www.kimovil.com/en/where-to-buy-google-pixel-xl
Google Pixel XL,1439,https://www.kimovil.com/en/where-to-buy-google-pixel-xl128gb
Xiaomi Mi Note 2,721,https://www.kimovil.com/en/where-to-buy-xiaomi-mi-note-2
Huawei Mate 9,1825,https://www.kimovil.com/en/where-to-buy-huawei-mate-9-al00-4gb-64gb
Meizu Note 8,524,https://www.kimovil.com/en/where-to-buy-meizu-note-8-global
Huawei Honor Magic 2,3532,https://www.kimovil.com/en/where-to-buy-huawei-honor-magic-2-8gb-256gb-tny-tl00
Lenovo Z5s,851,https://www.kimovil.com/en/where-to-buy-lenovo-z5s-6gb-64gb
Oppo RX17 Pro,2347,https://www.kimovil.com/en/where-to-buy-oppo-rx17-pro
Vivo iQoo,2794,https://www.kimovil.com/en/where-to-buy-vivo-iqoo-8gb-256gb
Blackview BV9500,1335,https://www.kimovil.com/en/where-to-buy-blackview-bv9500-pro
Huawei Honor Play,953,https://www.kimovil.com/en/where-to-buy-huawei-honor-play-l29
Asus Zenfone 5,1699,https://www.kimovil.com/en/where-to-buy-asus-zenfone-5-ze620kl-vb-4gb-128gb
Samsung Galaxy A9 (2018),1491,https://www.kimovil.com/en/where-to-buy-samsung-galaxy-a9-2018
Huawei Honor 8x,713,https://www.kimovil.com/en/where-to-buy-huawei-honor-8x-l29
Xiaomi Mi Max 3,1129,https://www.kimovil.com/en/where-to-buy-xiaomi-mi-max-3-6gb-128gb
Xiaomi Redmi Note 5,578,https://www.kimovil.com/en/where-to-buy-xiaomi-redmi-note-5-4gb-64gb
Nokia 7 Plus,839,https://www.kimovil.com/en/where-to-buy-nokia-7-plus
Xiaomi Redmi Note 5,591,https://www.kimovil.com/en/where-to-buy-xiaomi-redmi-note-5-global-64gb
Nokia 7 Plus,1107,https://www.kimovil.com/en/where-to-buy-nokia-7-plus-global
Xiaomi Redmi Note 5,540,https://www.kimovil.com/en/where-to-buy-xiaomi-redmi-note-5-32gb
Huawei P20,1678,https://www.kimovil.com/en/where-to-buy-huawei-p20-6gb-64gb
Huawei P20 Pro,3522,https://www.kimovil.com/en/where-to-buy-huawei-p20-pro-al00-6gb-256gb
Asus ZenFone 4 ZE554KL,680,https://www.kimovil.com/en/where-to-buy-asus-zenfone-4-ze554kl-cn
Asus ZenFone 4 ZE554KL,967,https://www.kimovil.com/en/where-to-buy-asus-zenfone-4-ze554kl-tw-sd660
Nubia Z18 Mini,890,https://www.kimovil.com/en/where-to-buy-nubia-z18-mini
Xiaomi Black Shark,1374,https://www.kimovil.com/en/where-to-buy-xiaomi-black-shark
Huawei Honor 10,1287,https://www.kimovil.com/en/where-to-buy-huawei-honor-10-6gb-128gb
Nubia Red Magic,1441,https://www.kimovil.com/en/where-to-buy-nubia-red-magic-8gb-128gb
Lenovo Z5,583,https://www.kimovil.com/en/where-to-buy-lenovo-z5
Huawei P30 Lite,1397,https://www.kimovil.com/en/where-to-buy-huawei-p30-lite-6gb
Oppo Reno,2484,https://www.kimovil.com/en/where-to-buy-oppo-reno-pacm00-6gb-128gb
Lenovo Z5s,768,https://www.kimovil.com/en/where-to-buy-lenovo-z5s-global
Samsung Galaxy A70,1518,https://www.kimovil.com/en/where-to-buy-samsung-galaxy-a70-8gb
Wiko View 3 pro,1045,https://www.kimovil.com/en/where-to-buy-wiko-view-3-pro-3gb-32gb
Xiaomi Redmi Note 5,486,https://www.kimovil.com/en/where-to-buy-xiaomi-redmi-note-5
Samsung Galaxy Note 8,2575,https://www.kimovil.com/en/where-to-buy-samsung-galaxy-note-8n-950fd-dual-sim-256gb
Asus ZenFone 3 Zoom ZE553KL,699,https://www.kimovil.com/en/where-to-buy-asus-zenfone-3-zoom-ze553kl
Huawei P10 Plus,2600,https://www.kimovil.com/en/where-to-buy-huawei-p10-plus-128gb
Xiaomi Mi6,1739,https://www.kimovil.com/en/where-to-buy-xiaomi-mi-6-6gb-128gb
Samsung Galaxy A9 Star,925,https://www.kimovil.com/en/where-to-buy-samsung-galaxy-a9-star
Lenovo Z5,587,https://www.kimovil.com/en/where-to-buy-lenovo-z5-128gb
Huawei Nova 3,1355,https://www.kimovil.com/en/where-to-buy-huawei-nova-3
Blackview BV9500,995,https://www.kimovil.com/en/where-to-buy-blackview-bv9500
Xiaomi Redmi Note 5,1249,https://www.kimovil.com/en/where-to-buy-xiaomi-redmi-note-5-6gb-128gb
Huawei Honor 10,1225,https://www.kimovil.com/en/where-to-buy-huawei-honor-10-4gb-128gb
Huawei Mate 9,2103,https://www.kimovil.com/en/where-to-buy-huawei-mate-9
Huawei Mate 9,1738,https://www.kimovil.com/en/where-to-buy-huawei-mate-9-4gb-32gb
Samsung Galaxy S7 Edge,1882,https://www.kimovil.com/en/where-to-buy-samsung-galaxy-s7-edge-dual-128gb
Huawei Mate 8,1639,https://www.kimovil.com/en/where-to-buy-huawei-mate-8al10-4gb-64gb
Meizu Note 8,517,https://www.kimovil.com/en/where-to-buy-meizu-note-8
Oppo RX17 Neo,1417,https://www.kimovil.com/en/where-to-buy-oppo-r17-neo
UMIDIGI One Max,660,https://www.kimovil.com/en/where-to-buy-umidigi-one-max
Meizu Note 8,516,https://www.kimovil.com/en/where-to-buy-meizu-note-8-m822q-32gb
Huawei P Smart 2019,886,https://www.kimovil.com/en/where-to-buy-huawei-p-smart-2019
Huawei Honor 10 Lite,674,https://www.kimovil.com/en/where-to-buy-huawei-honor-10-lite-l29
Asus ZenFone Max Pro (M2),1324,https://www.kimovil.com/en/where-to-buy-asus-zenfone-max-pro-m2-zb631kl-6gb-64gb
Vivo iQOO,3338,https://www.kimovil.com/en/where-to-buy-vivo-iqoo-12gb-256gb
Huawei Honor 10 Lite,662,https://www.kimovil.com/en/where-to-buy-huawei-honor-10-lite-lx1-3gb-32gb
Huawei Honor 8x,666,https://www.kimovil.com/en/where-to-buy-huawei-8x
Vivo V11,1380,https://www.kimovil.com/en/where-to-buy-vivo-v11
Huawei Honor 8x,1002,https://www.kimovil.com/en/where-to-buy-huawei-honor-8x-6gb-64gb-al00
Huawei Honor 8x,1004,https://www.kimovil.com/en/where-to-buy-huawei-honor-8x-6gb-128gb-al00
Xiaomi Black Shark,2212,https://www.kimovil.com/en/where-to-buy-xiaomi-black-shark8gb-128gb-global
Xiaomi Black Shark,1525,https://www.kimovil.com/en/where-to-buy-xiaomi-black-shark6gb-64gb-global
Huawei Honor 8x,931,https://www.kimovil.com/en/where-to-buy-huawei-honor-8x-l21-128gb
Oppo K1,1125,https://www.kimovil.com/en/where-to-buy-oppo-k1
Meizu E3,877,https://www.kimovil.com/en/where-to-buy-meizu-e3
Huawei Honor V10,1397,https://www.kimovil.com/en/where-to-buy-huawei-honor-v10-al20-4gb-128gb
Asus ZenFone 4 ZE554KL,819,https://www.kimovil.com/en/where-to-buy-asus-zenfone-4-ze554kl-ww-sd660
Xiaomi Black Shark,1945,https://www.kimovil.com/en/where-to-buy-xiaomi-black-shark-128gb
Asus ZenFone Max Pro (M1),889,https://www.kimovil.com/en/where-to-buy-asus-zenfone-max-pro-m1
Nubia Z18 Mini,1034,https://www.kimovil.com/en/where-to-buy-nubia-z18-mini-6gb-128gb
Samsung Galaxy A50,1367,https://www.kimovil.com/en/where-to-buy-samsung-galaxy-a50-6gb-128gb-a505fd
Huawei P30 Lite,1262,https://www.kimovil.com/en/where-to-buy-huawei-p30-lite
Huawei Honor 8x,828,https://www.kimovil.com/en/where-to-buy-huawei-honor-8x-l22
Lenovo Z5s,944,https://www.kimovil.com/en/where-to-buy-lenovo-z5s-global-6gb-64gb
Oppo Reno,2717,https://www.kimovil.com/en/where-to-buy-oppo-reno-256gb
Huawei Honor 20i,945,https://www.kimovil.com/en/where-to-buy-huawei-honor-20i
Motorola One Vision,1699,https://www.kimovil.com/en/where-to-buy-motorola-moto-one-vision
Huawei P30,4340,https://www.kimovil.com/en/where-to-buy-huawei-p30-8gb-256gb-l29
Lenovo Z6 Youth Edition,701,https://www.kimovil.com/en/where-to-buy-lenovo-z6-youth-edition
Smartisan Nut Pro 2,1269,https://www.kimovil.com/en/where-to-buy-smartisan-nut-pro-2
Huawei Nova 2s,838,https://www.kimovil.com/en/where-to-buy-huawei-nova-2s
LeEco Le Max 3,714,https://www.kimovil.com/en/where-to-buy-leeco-le-max-3
Huawei P10 Plus,4055,https://www.kimovil.com/en/where-to-buy-huawei-p10-plus-4gb-64gb
Xiaomi Mi Mix,1822,https://www.kimovil.com/en/where-to-buy-xiaomi-mi-mix-exclusive-edition
Huawei Mate 9,2087,https://www.kimovil.com/en/where-to-buy-huawei-mate-9-al00-6gb-128gb
Huawei Mate 9 Pro,1826,https://www.kimovil.com/en/where-to-buy-huawei-mate-9-pro
OnePlus 3T,1658,https://www.kimovil.com/en/where-to-buy-oneplus-3t6gb-128gb-cn
Meizu Pro 6 Plus,745,https://www.kimovil.com/en/where-to-buy-meizu-pro-6-plus
Sony Xperia Z5 Premium,1617,https://www.kimovil.com/en/where-to-buy-sony-xperia-z5-premium-dualsim
Huawei Enjoy Max,851,https://www.kimovil.com/en/where-to-buy-huawei-enjoy-max-ars-tl00-4gb-64gb
Lenovo K5 Pro,663,https://www.kimovil.com/en/where-to-buy-lenovo-k5-pro-6gb-128gb
Lenovo K5 Pro,554,https://www.kimovil.com/en/where-to-buy-lenovo-k5-pro-6gb-64gb
Poptel P60,1025,https://www.kimovil.com/en/where-to-buy-poptel-p60
Huawei Honor 10 Lite,918,https://www.kimovil.com/en/where-to-buy-huawei-honor-10-lite
Leagoo S10,1084,https://www.kimovil.com/en/where-to-buy-leagoo-s10
Lenovo S5 Pro GT,939,https://www.kimovil.com/en/where-to-buy-lenovo-s5-pro-gt
Lenovo S5 Pro GT,1021,https://www.kimovil.com/en/where-to-buy-lenovo-s5-pro-gt-6gb
Sony Xperia XA2 Plus,1091,https://www.kimovil.com/en/where-to-buy-sony-xperia-xa2-plus6gb-64gb
Ulefone Armor 6,1156,https://www.kimovil.com/en/where-to-buy-ulefone-armor-6
Asus ZenFone Max (M2),999,https://www.kimovil.com/en/where-to-buy-asus-zenfone-max-m2
Huawei Honor 8x,970,https://www.kimovil.com/en/where-to-buy-huawei-honor-8x4gb-128gb-al00
Huawei Honor 10 Lite,797,https://www.kimovil.com/en/where-to-buy-huawei-honor-10-lite-al00-3gb-32gb
Asus ZenFone Max (M2),999,https://www.kimovil.com/en/where-to-buy-asus-zenfone-max-m2-4gb-32gb-zb633kl
Samsung Galaxy A30,939,https://www.kimovil.com/en/where-to-buy-samsung-galaxy-a30
Samsung Galaxy A50,1777,https://www.kimovil.com/en/where-to-buy-samsung-galaxy-a50-a505fd-64gb
Samsung Galaxy A50,1276,https://www.kimovil.com/en/where-to-buy-samsung-galaxy-a50
Huawei Honor 8x Max,756,https://www.kimovil.com/en/where-to-buy-huawei-honor-8x-max
Asus ZenFone 3 Zoom ZE553KL,1000,https://www.kimovil.com/en/where-to-buy-asus-zenfone-3-zoom-ze553kl32gb
AGM X3,1935,https://www.kimovil.com/en/where-to-buy-agm-x3
Huawei Enjoy 9 Plus,925,https://www.kimovil.com/en/where-to-buy-huawei-enjoy-9-plus
Doogee S80 Lite,924,https://www.kimovil.com/en/where-to-buy-doogee-s80-lite
Lenovo K5 Pro,512,https://www.kimovil.com/en/where-to-buy-lenovo-k5-pro
Huawei Honor V10,1324,https://www.kimovil.com/en/where-to-buy-huawei-honor-v10-6gb-128gb-l09
Ulefone Power 5,893,https://www.kimovil.com/en/where-to-buy-ulefone-power5
Nubia Red Magic,1339,https://www.kimovil.com/en/where-to-buy-nubia-red-magic
Asus ZenFone Max Pro (M1),693,https://www.kimovil.com/en/where-to-buy-asus-zenfone-max-pro-m1-4gb-64gb
Vivo X27,2717,https://www.kimovil.com/en/where-to-buy-vivo-x27-256gb
Huawei Honor 8x,1107,https://www.kimovil.com/en/where-to-buy-huawei-honor-8x-4gb-128gb-l22
Huawei P Smart+ 2019,1107,https://www.kimovil.com/en/where-to-buy-huawei-p-smart-plus-2019
Oppo Reno,2950,https://www.kimovil.com/en/where-to-buy-oppo-reno-8gb-256gb
Samsung Galaxy A40s,799,https://www.kimovil.com/en/where-to-buy-samsung-galaxy-a40s
Asus ZenFone Max Pro (M1),731,https://www.kimovil.com/en/where-to-buy-asus-zenfone-max-pro-m1-va-6gb-64gb
Lenovo Z6 Youth Edition,1048,https://www.kimovil.com/en/where-to-buy-lenovo-z6-youth-edition-cn-6gb-64gb
Meizu Pro 7 Plus,819,https://www.kimovil.com/en/where-to-buy-meizu-pro-7-plus
Huawei Honor V10,1142,https://www.kimovil.com/en/where-to-buy-huawei-honor-v10
Huawei Honor V10,1370,https://www.kimovil.com/en/where-to-buy-huawei-honor-v10-6gb-64gb
Huawei Honor V10,1478,https://www.kimovil.com/en/where-to-buy-huawei-honor-v10-6gb-128gb
Asus ZenFone 3 Zoom ZE553KL,1536,https://www.kimovil.com/en/where-to-buy-asus-zenfone-3-zoom-ze553kl-128
Huawei P10 Plus,1772,https://www.kimovil.com/en/where-to-buy-huawei-p10-plus
LeEco Le 3 Pro,466,https://www.kimovil.com/en/where-to-buy-leeco-le-3-pro
Huawei P10 Plus,2319,https://www.kimovil.com/en/where-to-buy-huawei-p10-plus-l29
Xiaomi Mi6,2090,https://www.kimovil.com/en/where-to-buy-xiaomi-mi-6-exclusive-edition
Huawei Honor Play,1196,https://www.kimovil.com/en/where-to-buy-huawei-honor-play
Xiaomi Mi A2 Lite,523,https://www.kimovil.com/en/where-to-buy-xiaomi-mi-a2-lite
Xiaomi Mi A2 Lite,575,https://www.kimovil.com/en/where-to-buy-xiaomi-mi-a2-lite-4gb-64gb
Xiaomi Mi A2 Lite,579,https://www.kimovil.com/en/where-to-buy-xiaomi-mi-a2-lite-4gb-32gb
Huawei Mate 20 Lite,970,https://www.kimovil.com/en/where-to-buy-huawei-mate-20-lite
Huawei Honor Note 10,1894,https://www.kimovil.com/en/where-to-buy-huawei-honor-note-10-8gb-128gb-al09
Huawei Honor Play,1118,https://www.kimovil.com/en/where-to-buy-huawei-honor-play-india
Xiaomi Mi5s Plus,1059,https://www.kimovil.com/en/where-to-buy-xiaomi-mi5s-plus
Huawei Mate 9 Pro,2065,https://www.kimovil.com/en/where-to-buy-huawei-mate-9-pro-6gb-128gb
Huawei Enjoy 9 Plus,1004,https://www.kimovil.com/en/where-to-buy-huawei-enjoy-9-plus-al00-4gb-128gb-enjoy-9-plus
Asus ROG Phone,4177,https://www.kimovil.com/en/where-to-buy-asus-rog-phone-128gb
AGM X3,2237,https://www.kimovil.com/en/where-to-buy-agm-x3-8gb-64gb
Huawei Honor Play,1402,https://www.kimovil.com/en/where-to-buy-huawei-honor-play-6gb-128gb-al10
Blackview BV9600,1345,https://www.kimovil.com/en/where-to-buy-blackview-bv9600-pro
Huawei Honor 10 Lite,1290,https://www.kimovil.com/en/where-to-buy-huawei-honor-10-lite-al00-6gb-64gb
Lenovo Z5s,1541,https://www.kimovil.com/en/where-to-buy-lenovo-z5s-128gb
Samsung Galaxy M20,970,https://www.kimovil.com/en/where-to-buy-samsung-galaxy-m20
Samsung Galaxy M20,886,https://www.kimovil.com/en/where-to-buy-samsung-galaxy-m20-sm-m205f-3gb-32gb
Huawei Honor 8x Max,932,https://www.kimovil.com/en/where-to-buy-huawei-honor-8x-max-4gb-128gb-al00
Huawei Honor 8x Max,936,https://www.kimovil.com/en/where-to-buy-huawei-honor-8x-max-6gb-64gb-al00
Huawei Maimang 7,859,https://www.kimovil.com/en/where-to-buy-huawei-maimang-7
Ulefone Power 5,733,https://www.kimovil.com/en/where-to-buy-ulefone-power-5s
Asus ZenFone 4 ZE554KL,999,https://www.kimovil.com/en/where-to-buy-asus-zenfone-4-ze554k-br
Asus ZenFone Max Pro (M1),809,https://www.kimovil.com/en/where-to-buy-asus-zenfone-max-pro-m1-am
Huawei Enjoy Max,920,https://www.kimovil.com/en/where-to-buy-huawei-enjoy-max
Doogee S80,1130,https://www.kimovil.com/en/where-to-buy-doogee-s80
Ulefone Power 3S,466,https://www.kimovil.com/en/where-to-buy-ulefone-power-3s
Meizu E3,1226,https://www.kimovil.com/en/where-to-buy-meizu-e3-128gb
Huawei P20,2212,https://www.kimovil.com/en/where-to-buy-huawei-p20-6gb-128gb-al00
Vernee V2 Pro,739,https://www.kimovil.com/en/where-to-buy-vernee-v2-pro
Vivo V15,1380,https://www.kimovil.com/en/where-to-buy-vivo-v15-global-128gb
Lenovo Z6 Youth Edition,1281,https://www.kimovil.com/en/where-to-buy-lenovo-z6-youth-edition-cn-6gb-128gb
Vivo X20 Plus,1336,https://www.kimovil.com/en/where-to-buy-vivo-x20-plus
Razer Phone,2527,https://www.kimovil.com/en/where-to-buy-razer-phone
Xiaomi Redmi 6 Pro,650,https://www.kimovil.com/en/where-to-buy-xiaomi-redmi-6-pro
Xiaomi Redmi 6 Pro,630,https://www.kimovil.com/en/where-to-buy-xiaomi-redmi-6-pro-4gb-64gb
Oppo R15 Pro,1900,https://www.kimovil.com/en/where-to-buy-oppo-r15-pro-global
Umidigi One,486,https://www.kimovil.com/en/where-to-buy-umidigi-one-4gb-32gb
Huawei Mate 8,2391,https://www.kimovil.com/en/where-to-buy-huawei-mate-8-al10-4gb-128gb
Samsung Galaxy M30,1155,https://www.kimovil.com/en/where-to-buy-samsung-galaxy-m30
Motorola Moto G7 Power,1399,https://www.kimovil.com/en/where-to-buy-motorola-moto-g7-power-eu
HTC U12 Life,1008,https://www.kimovil.com/en/where-to-buy-htc-u12-life
Motorola P30 Note,748,https://www.kimovil.com/en/where-to-buy-motorola-p30-note
Blackview BV6800 Pro,705,https://www.kimovil.com/en/where-to-buy-blackview-bv6800-pro
AGM X3,2424,https://www.kimovil.com/en/where-to-buy-agm-x3-8gb-128gb
Huawei Y9 (2019),772,https://www.kimovil.com/en/where-to-buy-huawei-y9-2019
Vernee M8 Pro,827,https://www.kimovil.com/en/where-to-buy-vernee-m8-pro
Vernee X,397,https://www.kimovil.com/en/where-to-buy-vernee-x-4gb
HTC U11 EYEs,1196,https://www.kimovil.com/en/where-to-buy-htc-u11-eyes
Oppo R15,1797,https://www.kimovil.com/en/where-to-buy-oppo-r15-netcom-edition
Vernee X1,537,https://www.kimovil.com/en/where-to-buy-vernee-x1
Xiaomi Redmi 7,478,https://www.kimovil.com/en/where-to-buy-xiaomi-redmi-7-global-32gb
Xiaomi Redmi 7,513,https://www.kimovil.com/en/where-to-buy-xiaomi-redmi-7-global-64gb
Xiaomi Redmi 7,484,https://www.kimovil.com/en/where-to-buy-xiaomi-redmi-7-cn-3gb-32gb
Xiaomi Redmi 7,536,https://www.kimovil.com/en/where-to-buy-xiaomi-redmi-7-cn-3gb-64gb
Xiaomi Redmi 7,542,https://www.kimovil.com/en/where-to-buy-xiaomi-redmi-7cn-4gb-64gb
Motorola P30 Note,854,https://www.kimovil.com/en/where-to-buy-motorola-one-power-cn-6gb-64gb
Samsung Galaxy A20,1169,https://www.kimovil.com/en/where-to-buy-samsung-galaxy-a20
Meizu M6 Note,465,https://www.kimovil.com/en/where-to-buy-meizu-m6-note3gb-32gb
Meizu M6 Note,469,https://www.kimovil.com/en/where-to-buy-meizu-m6-note-3gb-32gb-eu
Vernee X,597,https://www.kimovil.com/en/where-to-buy-vernee-x
Xiaomi Mi Max 2,806,https://www.kimovil.com/en/where-to-buy-xiaomi-mi-max-2-4gb-128gb
Nubia M2,621,https://www.kimovil.com/en/where-to-buy-nubia-m2
Xiaomi Mi Max 2,699,https://www.kimovil.com/en/where-to-buy-xiaomi-mi-max-2
Xiaomi Black Shark,2166,https://www.kimovil.com/en/where-to-buy-xiaomi-black-shark8gb-256gb
Xiaomi Redmi 6 Pro,613,https://www.kimovil.com/en/where-to-buy-xiaomi-redmi-6-pro-4gb
Xiaomi Mi5s Plus,1577,https://www.kimovil.com/en/where-to-buy-xiaomi-mi5s-plus-6gb-128gb
OnePlus 3T,2030,https://www.kimovil.com/en/where-to-buy-oneplus-3t6gb-64gb-eu
ZUK Z2,693,https://www.kimovil.com/en/where-to-buy-zuk-z2-4gb-64gb
Leeco Cool1,456,https://www.kimovil.com/en/where-to-buy-leeco-letv-cool1-4GB-32GB
AGM X3,2655,https://www.kimovil.com/en/where-to-buy-agm-x3-8gb-256gb
Vivo X23,2018,https://www.kimovil.com/en/where-to-buy-vivo-x23-symphony-edition
Huawei Honor 10 Lite,1362,https://www.kimovil.com/en/where-to-buy-huawei-honor-10-lite-al00-6gb-128gb
Doogee S90,1164,https://www.kimovil.com/en/where-to-buy-doogee-s90
Motorola Moto G7 Power,1075,https://www.kimovil.com/en/where-to-buy-motorola-moto-g7-power
Nokia 3.1 Plus,602,https://www.kimovil.com/en/where-to-buy-nokia-3-1-plus-global
Ulefone Armor 5,621,https://www.kimovil.com/en/where-to-buy-ulefone-armor-5
Doogee S70,962,https://www.kimovil.com/en/where-to-buy-doogee-s70
Vivo X23,2084,https://www.kimovil.com/en/where-to-buy-vivo-x23
Oppo R17,1863,https://www.kimovil.com/en/where-to-buy-oppo-r17-6gb-128gb
Asus ZenFone 4 ZE554KL,1499,https://www.kimovil.com/en/where-to-buy-asus-zenfone-4-ze554klbr-sd660-64gb
Cubot King Kong 3,779,https://www.kimovil.com/en/where-to-buy-cubot-king-kong-3
Meiigoo S9,578,https://www.kimovil.com/en/where-to-buy-meiigoo-s9
Huawei Honor 8C,500,https://www.kimovil.com/en/where-to-buy-huawei-honor-8c
UMiDIGI S2 Lite,620,https://www.kimovil.com/en/where-to-buy-umidigi-s2-lite
Cubot X18 Plus,546,https://www.kimovil.com/en/where-to-buy-cubot-x18-plus
Oppo R15,2076,https://www.kimovil.com/en/where-to-buy-oppo-r15
Leagoo S9,325,https://www.kimovil.com/en/where-to-buy-leagoo-s9
Blackview P10000 Pro,737,https://www.kimovil.com/en/where-to-buy-blackview-p10000-pro
Allcall Mix 2,697,https://www.kimovil.com/en/where-to-buy-allcall-mix2
Bluboo S3,551,https://www.kimovil.com/en/where-to-buy-bluboo-s3
360 N7,1359,https://www.kimovil.com/en/where-to-buy-360-n7
Cubot Quest,552,https://www.kimovil.com/en/where-to-buy-cubot-quest
Ulefone T1,504,https://www.kimovil.com/en/where-to-buy-ulefone-t1
Meizu M6 Note,814,https://www.kimovil.com/en/where-to-buy-meizu-m6-note4gb-64gb
Doogee Mix 2,584,https://www.kimovil.com/en/where-to-buy-doogee-mix-2
Ulefone Mix,408,https://www.kimovil.com/en/where-to-buy-ulefone-mix
Vernee Mix 2,357,https://www.kimovil.com/en/where-to-buy-vernee-mix-2
Doogee Mix 2,536,https://www.kimovil.com/en/where-to-buy-doogee-mix-2-64gb
Bluboo S8+,528,https://www.kimovil.com/en/where-to-buy-bluboo-s8-plus
Ulefone Power 3,845,https://www.kimovil.com/en/where-to-buy-ulefone-power-3
Huawei Nova 2s,1717,https://www.kimovil.com/en/where-to-buy-huawei-nova-2s-6gb-64gb
Blackview P6000,498,https://www.kimovil.com/en/where-to-buy-blackview-p6000
Meizu M6 Note,839,https://www.kimovil.com/en/where-to-buy-meizu-m6-note-4gb-64gb-eu
ZTE Axon 7s,744,https://www.kimovil.com/en/where-to-buy-zte-axon-7s
Xiaomi Redmi Note 4,528,https://www.kimovil.com/en/where-to-buy-xiaomi-redmi-note-4-global-3gb-32gb
Nokia 9 Pureview,3687,https://www.kimovil.com/en/where-to-buy-nokia-9
BlackBerry KEYone,1076,https://www.kimovil.com/en/where-to-buy-blackberry-keyone
Moto Z Play,630,https://www.kimovil.com/en/where-to-buy-lenovo-moto-z-play-64gb
Asus ZenFone 5 Selfie Pro,749,https://www.kimovil.com/en/where-to-buy-asus-zenfone-5-selfie-pro
Nokia 3.1 Plus,453,https://www.kimovil.com/en/where-to-buy-nokia-3-1-plus-3gb-32gb-ta-1118
Oppo R17,2096,https://www.kimovil.com/en/where-to-buy-oppo-r17
Leagoo XRover,744,https://www.kimovil.com/en/where-to-buy-leagoo-xrover
Asus ZenFone 5 Lite,792,https://www.kimovil.com/en/where-to-buy-asus-zenfone-5-lites430-4gb64gb-va
Asus ZenFone 4 ZE554KL,1900,https://www.kimovil.com/en/where-to-buy-asus-zenfone-4-ze554klglobal-sd660-128gb
Samsung Galaxy A7 (2018),1279,https://www.kimovil.com/en/where-to-buy-samsung-galaxy-a7-2018
UMIDIGI A3 Pro,310,https://www.kimovil.com/en/where-to-buy-umidigi-a3-pro
Samsung Galaxy A6s,684,https://www.kimovil.com/en/where-to-buy-samsung-galaxy-a6s
Samsung Galaxy A7 (2018),1079,https://www.kimovil.com/en/where-to-buy-samsung-galaxy-a7-2018-a750f-128gb
Huawei Honor 8C,669,https://www.kimovil.com/en/where-to-buy-huawei-honor-8c-64gb
Thl Knight 2,627,https://www.kimovil.com/en/where-to-buy-thl-knight-2
Samsung Galaxy A8+ (2018),1564,https://www.kimovil.com/en/where-to-buy-samsung-galaxy-a8-plus-2018
Nubia N3,709,https://www.kimovil.com/en/where-to-buy-nubia-n3
Asus ZenFone 4 ZE554KL,2093,https://www.kimovil.com/en/where-to-buy-asus-zenfone-4-ze554k-ww-sd630
Oppo A3,1046,https://www.kimovil.com/en/where-to-buy-oppo-a3-padt00
Doogee BL9000,656,https://www.kimovil.com/en/where-to-buy-doogee-bl9000
Cubot Max 2,552,https://www.kimovil.com/en/where-to-buy-cubot-max-2
Meizu Pro 7 Plus,1514,https://www.kimovil.com/en/where-to-buy-meizu-pro-7-plu-128gb
UMiDIGI S2 Pro,710,https://www.kimovil.com/en/where-to-buy-umidigi-s2-pro
Ulefone T1,737,https://www.kimovil.com/en/where-to-buy-ulefone-t1-128gb
BlackBerry KEYone,1169,https://www.kimovil.com/en/where-to-buy-blackberry-keyone-64gb
Vernee Mix 2,592,https://www.kimovil.com/en/where-to-buy-vernee-mix-2-6gb
LG G6,2259,https://www.kimovil.com/en/where-to-buy-lg-g6-kr-g600
Xiaomi Redmi Note 4,816,https://www.kimovil.com/en/where-to-buy-xiaomi-redmi-note-44gb-64gb-global
Ulefone Gemini Pro,621,https://www.kimovil.com/en/where-to-buy-ulefone-gemini-pro
Xiaomi Redmi Note 4X,536,https://www.kimovil.com/en/where-to-buy-xiaomi-redmi-note-4x-snapdragon-4gb-64gb
Asus ROG Phone,3865,https://www.kimovil.com/en/where-to-buy-asus-rog-phone
Meizu Blue Charm 6T,375,https://www.kimovil.com/en/where-to-buy-meizu-blue-charm-6t-3gb-32gb
Meizu M6T,382,https://www.kimovil.com/en/where-to-buy-meizu-blue-charm-6t-global-32gb
Cubot Power,851,https://www.kimovil.com/en/where-to-buy-cubot-power-128gb
Samsung Galaxy J8,1008,https://www.kimovil.com/en/where-to-buy-samsung-galaxy-j8
Lenovo K8 Plus,670,https://www.kimovil.com/en/where-to-buy-lenovo-k8-plus
Huawei nova 3i,870,https://www.kimovil.com/en/where-to-buy-huawei-nova-3i
Huawei P Smart+,926,https://www.kimovil.com/en/where-to-buy-huawei-p-smart-plus
Oppo R9s Plus,1469,https://www.kimovil.com/en/where-to-buy-oppo-r9s-plus
OnePlus 3T,2523,https://www.kimovil.com/en/where-to-buy-oneplus-3t
Xiaomi Redmi Note 4,792,https://www.kimovil.com/en/where-to-buy-xiaomi-redmi-note-43gb-32gb
Meizu Pro 6 Plus,1826,https://www.kimovil.com/en/where-to-buy-meizu-pro-6-plus-128gb
Xiaomi Redmi Note 4X,476,https://www.kimovil.com/en/where-to-buy-xiaomi-redmi-note-4x
Huawei P9 Plus,1782,https://www.kimovil.com/en/where-to-buy-huawei-p9-plus-al10-dual-64gb
Huawei Honor Note 8,1630,https://www.kimovil.com/en/where-to-buy-huawei-honor-note-8
Xiaomi Mi Max,1100,https://www.kimovil.com/en/where-to-buy-xiaomi-mi-max-3gb-32gb
Xiaomi Mi Max,1182,https://www.kimovil.com/en/where-to-buy-xiaomi-mi-max-4gb-64gb
Huawei P9 Plus,1913,https://www.kimovil.com/en/where-to-buy-huawei-p9-plusl-al10-128
OnePlus 2,1176,https://www.kimovil.com/en/where-to-buy-oneplus-2-4gb-64gb-cn
AGM A9,780,https://www.kimovil.com/en/where-to-buy-agm-a9
AGM A9,844,https://www.kimovil.com/en/where-to-buy-agm-a9-64gb
Oukitel U23,660,https://www.kimovil.com/en/where-to-buy-oukitel-u23
Samsung Galaxy A6s,827,https://www.kimovil.com/en/where-to-buy-samsung-galaxy-a6s-sm-g6200-128gb
Doogee Y7 Plus,523,https://www.kimovil.com/en/where-to-buy-doogee-y7-plus
Cubot X19,434,https://www.kimovil.com/en/where-to-buy-cubot-x19
Huawei Y7 2019,575,https://www.kimovil.com/en/where-to-buy-huawei-y7-2019
Nokia 3.1 Plus,542,https://www.kimovil.com/en/where-to-buy-nokia-3-1-plus-cn
Oukitel WP2,776,https://www.kimovil.com/en/where-to-buy-oukitel-wp2
Xiaomi Redmi 5,523,https://www.kimovil.com/en/where-to-buy-xiaomi-redmi-5-global
Xiaomi Redmi 5 Plus,540,https://www.kimovil.com/en/where-to-buy-xiaomi-redmi-5-plus-4gb-64gb
Huawei Enjoy 8 Plus,630,https://www.kimovil.com/en/where-to-buy-huawei-enjoy-8-plus
Lenovo K8 Note,386,https://www.kimovil.com/en/where-to-buy-lenovo-k8-note
Doogee BL12000,549,https://www.kimovil.com/en/where-to-buy-doogee-bl12000
Doogee Mix,388,https://www.kimovil.com/en/where-to-buy-doogee-mix
Vernee Mars Pro,582,https://www.kimovil.com/en/where-to-buy-vernee-mars-pro
Samsung Galaxy A9 Star Lite,866,https://www.kimovil.com/en/where-to-buy-samsung-galaxy-a9-star-lite
Lenovo K8 Note,442,https://www.kimovil.com/en/where-to-buy-lenovo-k8-note-4gb-64gb
Lenovo K8 Plus,679,https://www.kimovil.com/en/where-to-buy-lenovo-k8-plus-4gb-32gb
Doogee S70 Lite,703,https://www.kimovil.com/en/where-to-buy-doogee-s70-lite
Samsung Galaxy C9,1132,https://www.kimovil.com/en/where-to-buy-samsung-galaxy-c9-pro
Xiaomi Redmi Note 4X,535,https://www.kimovil.com/en/where-to-buy-xiaomi-redmi-note-4x-4gb-64gb
AGM X2,1300,https://www.kimovil.com/en/where-to-buy-agm-x2
Huawei Honor Note 8,1742,https://www.kimovil.com/en/where-to-buy-huawei-honor-note-8-64gb
Huawei Honor 8C,765,https://www.kimovil.com/en/where-to-buy-huawei-honor-8c-128gb
Vivo Y95,749,https://www.kimovil.com/en/where-to-buy-vivo-y95
Elephone A5,737,https://www.kimovil.com/en/where-to-buy-elephone-a5-6gb-128gb
Samsung Galaxy J8,903,https://www.kimovil.com/en/where-to-buy-samsung-galaxy-j8-j810y
HUAWEI Mate 20 RS Porsche Design,7311,https://www.kimovil.com/en/where-to-buy-huawei-mate-20-rs-porsche-design
Xiaomi Redmi 5 Plus,616,https://www.kimovil.com/en/where-to-buy-xiaomi-redmi-5-plus-global
BQ Aquaris VS Plus,740,https://www.kimovil.com/en/where-to-buy-bq-aquaris-vs-plus-4gb-64gb
Xiaomi Redmi 5 Plus,730,https://www.kimovil.com/en/where-to-buy-xiaomi-redmi-5-plus4gb-64gb-global
Nubia V18,437,https://www.kimovil.com/en/where-to-buy-nubia-v18
Leagoo Power 5,473,https://www.kimovil.com/en/where-to-buy-leagoo-power-5
Gome K1,388,https://www.kimovil.com/en/where-to-buy-gome-k1
Lenovo K9 Note,513,https://www.kimovil.com/en/where-to-buy-lenovo-k9-note-global-64gb
Elephone S8,631,https://www.kimovil.com/en/where-to-buy-elephone-s8
BQ Aquaris V Plus,784,https://www.kimovil.com/en/where-to-buy-bq-aquaris-v-plus
BQ Aquaris V Plus,871,https://www.kimovil.com/en/where-to-buy-bq-aquaris-v-plus4gb-64gb
Huawei Maimang 6,948,https://www.kimovil.com/en/where-to-buy-huawei-maimang-6
VKworld S8,390,https://www.kimovil.com/en/where-to-buy-vkworld-s8
Huawei Mate 10 Lite,833,https://www.kimovil.com/en/where-to-buy-huawei-mate-10-litea-l21
Xiaomi Redmi 5 Plus,536,https://www.kimovil.com/en/where-to-buy-xiaomi-redmi-5-plus
UMiDigi Z Pro,1125,https://www.kimovil.com/en/where-to-buy-umidigi-z-pro
Gionee A1 Plus,737,https://www.kimovil.com/en/where-to-buy-gionee-a1-plus
Vernee Apollo X,575,https://www.kimovil.com/en/where-to-buy-vernee-apollo-x
Doogee Mix,392,https://www.kimovil.com/en/where-to-buy-doogee-mix4gb-64gb
Coolpad Cool Play 6,524,https://www.kimovil.com/en/where-to-buy-coolpad-cool-play-6
Blackview BV8000 Pro,772,https://www.kimovil.com/en/where-to-buy-blackview-bv8000-pro
Lenovo K5 Note (2018),441,https://www.kimovil.com/en/where-to-buy-lenovo-k5-note-2018-4gb-64gb
Sony Xperia XA1 Plus,1408,https://www.kimovil.com/en/where-to-buy-sony-xperia-xa1-plus-g3416-4gb-32gb
Elephone A5,699,https://www.kimovil.com/en/where-to-buy-elephone-a5
Blackview Max 1,1151,https://www.kimovil.com/en/where-to-buy-blackview-max-1
Vivo U1,733,https://www.kimovil.com/en/where-to-buy-vivo-u1-3gb-32gb
Elephone U Pro,854,https://www.kimovil.com/en/where-to-buy-elephone-u-pro
Sony Xperia XA2,962,https://www.kimovil.com/en/where-to-buy-sony-xperia-xa2
Huawei Honor 7x,881,https://www.kimovil.com/en/where-to-buy-huawei-honor-7x-l21-64gb
Cubot P20,624,https://www.kimovil.com/en/where-to-buy-cubot-p20
Ulefone X,466,https://www.kimovil.com/en/where-to-buy-ulefone-x
Asus ZenFone Max Plus,473,https://www.kimovil.com/en/where-to-buy-asus-zenfone-max-plus-zb570tl-4gb-64gb-global
Lenovo K9 Note,410,https://www.kimovil.com/en/where-to-buy-lenovo-k9-note-3gb-32gb
Lenovo K9 Note,410,https://www.kimovil.com/en/where-to-buy-lenovo-k9-note-global
Bluboo S1,374,https://www.kimovil.com/en/where-to-buy-bluboo-s1
Huawei Honor 7x,586,https://www.kimovil.com/en/where-to-buy-huawei-honor-7x
Sony Xperia XA1 Plus,1450,https://www.kimovil.com/en/where-to-buy-sony-xperia-xa1-plus
AGM X2,1732,https://www.kimovil.com/en/where-to-buy-agm-x2-6gb-128gb
Blackview BV9000,693,https://www.kimovil.com/en/where-to-buy-blackview-bv9000
Xiaomi Redmi 4X,557,https://www.kimovil.com/en/where-to-buy-xiaomi-redmi-4x3gb-32gb
Huawei P10 Plus,2872,https://www.kimovil.com/en/where-to-buy-huawei-p10-plus-al00-256gb
Samsung Galaxy J7 Prime,749,https://www.kimovil.com/en/where-to-buy-samsung-galaxy-j7-prime
Xiaomi Redmi 4X,566,https://www.kimovil.com/en/where-to-buy-xiaomi-redmi-4x-global
Ulefone Armor 2,809,https://www.kimovil.com/en/where-to-buy-ulefone-armor-2
Lenovo K5 Note (2018),465,https://www.kimovil.com/en/where-to-buy-lenovo-k5-note-2018
Meizu M6T,775,https://www.kimovil.com/en/where-to-buy-meizu-blue-charm-6t-global-64gb
Samsung Galaxy A6 Plus (2018),1284,https://www.kimovil.com/en/where-to-buy-samsung-galaxy-a6-plus-2018-duos-64gb
Motorola Moto E5 Plus,488,https://www.kimovil.com/en/where-to-buy-motorola-moto-e5-plus-3gb-32gb
Huawei Honor V8,1316,https://www.kimovil.com/en/where-to-buy-huawei-honor-v8-64gb
Xiaomi Redmi Note 4,871,https://www.kimovil.com/en/where-to-buy-xiaomi-redmi-note-4-3gb-64gb
Xiaomi Redmi Note 3,665,https://www.kimovil.com/en/where-to-buy-xiaomi-redmi-note-3-3gb-32gb
Samsung Galaxy A9 (2016),1444,https://www.kimovil.com/en/where-to-buy-samsung-galaxy-a9
LeTV Le Max X900,2042,https://www.kimovil.com/en/where-to-buy-letv-s1-max
Asus ZenFone Max Plus,469,https://www.kimovil.com/en/where-to-buy-asus-zenfone-max-plus-zb570tl-3gb-32gb-global
Vivo Y73,621,https://www.kimovil.com/en/where-to-buy-vivo-y73v1731ca-4gb-64gb
Vivo U1,916,https://www.kimovil.com/en/where-to-buy-vivo-u1
Zoji Z33,412,https://www.kimovil.com/en/where-to-buy-zoji-z33
Sharp B10,341,https://www.kimovil.com/en/where-to-buy-sharp-b10
Asus ZenFone 5 Lite,1605,https://www.kimovil.com/en/where-to-buy-asus-zenfone-5-lites630-4gb-128gb
Oukitel K10,1009,https://www.kimovil.com/en/where-to-buy-oukitel-k10
Sony Xperia L2,388,https://www.kimovil.com/en/where-to-buy-sony-xperia-l2
Jesy J9S,890,https://www.kimovil.com/en/where-to-buy-jesy-j9s
Doogee BL12000 Pro,1048,https://www.kimovil.com/en/where-to-buy-doogee-bl12000-pro
Doogee S50,584,https://www.kimovil.com/en/where-to-buy-doogee-s50-128gb
HomTom HT70,532,https://www.kimovil.com/en/where-to-buy-homtom-ht70
Elephone U,591,https://www.kimovil.com/en/where-to-buy-elephone-u-128gb
Huawei Enjoy 8 Plus,1161,https://www.kimovil.com/en/where-to-buy-huawei-enjoy-8-plus-128gb
Vivo S1,1785,https://www.kimovil.com/en/where-to-buy-vivo-s1
Huawei Enjoy 8 Plus,1128,https://www.kimovil.com/en/where-to-buy-huawei-enjoy-8-plus-al20-128gb
Ulefone P6000 Plus,357,https://www.kimovil.com/en/where-to-buy-ulefone-p6000-plus
Samsung Galaxy J7 (2017),897,https://www.kimovil.com/en/where-to-buy-samsung-galaxy-j7-2017-j730gm
Vernee M5,508,https://www.kimovil.com/en/where-to-buy-vernee-m5-64gb
Huawei Honor 7x,686,https://www.kimovil.com/en/where-to-buy-huawei-honor-7x-64gb
Huawei nova 2i,789,https://www.kimovil.com/en/where-to-buy-huawei-nova-2i
Blackview BV9000,968,https://www.kimovil.com/en/where-to-buy-blackview-bv9000-pro
Xiaomi Redmi 5,540,https://www.kimovil.com/en/where-to-buy-xiaomi-redmi-5-3gb-32gb
Oukitel K6,815,https://www.kimovil.com/en/where-to-buy-oukitel-k6
Doogee S50,548,https://www.kimovil.com/en/where-to-buy-doogee-s50
HomTom S99,394,https://www.kimovil.com/en/where-to-buy-homtom-s99
Oukitel K7 Power,567,https://www.kimovil.com/en/where-to-buy-oukitel-k7
Samsung Galaxy A6 Plus (2018),1012,https://www.kimovil.com/en/where-to-buy-samsung-galaxy-a6-plus-2018-duos-4gb-32gb
Oukitel K8,466,https://www.kimovil.com/en/where-to-buy-oukitel-k8
Zoji Z9,676,https://www.kimovil.com/en/where-to-buy-zoji-z9
Xiaomi Mi Mix,3105,https://www.kimovil.com/en/where-to-buy-xiaomi-mi-mix
AGM X1,772,https://www.kimovil.com/en/where-to-buy-agm-x1
Zoji Z11,573,https://www.kimovil.com/en/where-to-buy-zoji-z11
Motorola Moto E5 Plus,776,https://www.kimovil.com/en/where-to-buy-motorola-moto-e5-plus-4gb-64gb
Vivo U1,1075,https://www.kimovil.com/en/where-to-buy-vivo-u1-4gb-64gb
Samsung Galaxy A6 Plus (2018),1561,https://www.kimovil.com/en/where-to-buy-samsung-galaxy-a6-plus-2018-g605g
Sharp R1S,382,https://www.kimovil.com/en/where-to-buy-sharp-r1s
Asus ZenFone Pegasus 4S Max Plus,469,https://www.kimovil.com/en/where-to-buy-asus-zenfone-pegasus-4s-max-plus-x018dc-4gb-64gb
Vivo Y73,675,https://www.kimovil.com/en/where-to-buy-vivo-y73
Huawei Y9 (2018),748,https://www.kimovil.com/en/where-to-buy-huawei-y9-2018
Gionee A1 Lite,504,https://www.kimovil.com/en/where-to-buy-gionee-a1-lite
Samsung Galaxy J7 (2017),1090,https://www.kimovil.com/en/where-to-buy-samsung-galaxy-j7-2017-64gb
Motorola Moto G6 Play,759,https://www.kimovil.com/en/where-to-buy-motorola-moto-g6-play-3gb-32gb
Meizu M5 note,390,https://www.kimovil.com/en/where-to-buy-meizu-m5-note-32gb-global
Motorola Moto G7 Power,1170,https://www.kimovil.com/en/where-to-buy-motorola-moto-g7-power-xt1955-1-br-64gb
UMiDIGI C Note 2,621,https://www.kimovil.com/en/where-to-buy-umidigi-c-note-2
Doogee BL5000,374,https://www.kimovil.com/en/where-to-buy-doogee-bl5000
Bluboo S8,311,https://www.kimovil.com/en/where-to-buy-bluboo-s8
Asus ZenFone 4 Max Plus,485,https://www.kimovil.com/en/where-to-buy-asus-zenfone-4-max-3gb
Meiigoo M1,854,https://www.kimovil.com/en/where-to-buy-meiigoo-m1
Doogee BL7000,371,https://www.kimovil.com/en/where-to-buy-doogee-bl7000
M-Horse Pure 1,256,https://www.kimovil.com/en/where-to-buy-m-horse-pure1
Asus ZenFone Pegasus 4S Max Plus,456,https://www.kimovil.com/en/where-to-buy-asus-zenfone-pegasus-4s-max-plus
M-Horse Pure 2,391,https://www.kimovil.com/en/where-to-buy-m-horse-pure-2
Huawei Honor V9,1898,https://www.kimovil.com/en/where-to-buy-huawei-honor-v9
nubia N2,610,https://www.kimovil.com/en/where-to-buy-nubia-n2
Elephone P8 2017,566,https://www.kimovil.com/en/where-to-buy-elephone-p8-2017
Samsung Galaxy A6 Plus (2018),1174,https://www.kimovil.com/en/where-to-buy-samsung-galaxy-a6-plus-20183gb-32gb-duos
Elephone Soldier,974,https://www.kimovil.com/en/where-to-buy-elephone-soldier
Asus ZenFone Pegasus 3S,749,https://www.kimovil.com/en/where-to-buy-asus-zenfone-pegasus-3s
Huawei Nova Plus,1329,https://www.kimovil.com/en/where-to-buy-huawei-nova-plus
Xiaomi Redmi 3 Pro,580,https://www.kimovil.com/en/where-to-buy-xiaomi-redmi-3-pro
Asus ZenFone 5 Selfie Pro,1629,https://www.kimovil.com/en/where-to-buy-asus-zenfone-5-selfie-pro-128gb
Vivo Y73,753,https://www.kimovil.com/en/where-to-buy-vivo-y73v1731ca-3gb-64gb
Doogee N10,310,https://www.kimovil.com/en/where-to-buy-doogee-y7
Asus ZenFone Max (M1),504,https://www.kimovil.com/en/where-to-buy-asus-zenfone-max-m1-zb556kl
Poptel P9000 Max,768,https://www.kimovil.com/en/where-to-buy-poptel-p9000-max
Nomu S50 Pro,986,https://www.kimovil.com/en/where-to-buy-nomu-s50-pro
Oukitel U18,349,https://www.kimovil.com/en/where-to-buy-oukitel-u18
Koolnee K1 Trio,827,https://www.kimovil.com/en/where-to-buy-koolnee-k1-trio
Asus ZenFone 4 Max,1299,https://www.kimovil.com/en/where-to-buy-asus-zenfone-4-max
Motorola Moto E4 Plus,646,https://www.kimovil.com/en/where-to-buy-motorola-moto-e4-plus-32gb
Asus ZenFone 4 Max ZC520KL,582,https://www.kimovil.com/en/where-to-buy-asus-zenfone-4-max-zc520kl
Huawei Honor 7x,997,https://www.kimovil.com/en/where-to-buy-huawei-honor-7x-128gb
Asus ZenFone 3S Max,433,https://www.kimovil.com/en/where-to-buy-asus-zenfone-3s-max
Asus ZenFone 3S Max,473,https://www.kimovil.com/en/where-to-buy-asus-zenfone-3s-max-64gb
Gionee S10,688,https://www.kimovil.com/en/where-to-buy-gionee-s10
Philips Xenium X598,477,https://www.kimovil.com/en/where-to-buy-philips-xenium-x598
Doogee S55,543,https://www.kimovil.com/en/where-to-buy-doogee-s55
Huawei Honor 6X,772,https://www.kimovil.com/en/where-to-buy-huawei-honor-6x
Huawei Honor 6X,1029,https://www.kimovil.com/en/where-to-buy-huawei-honor-6x-64gb
Meizu M5 note,390,https://www.kimovil.com/en/where-to-buy-meizu-m5-note-3gb-32gb
Asus ZenFone 3 Max ZC553KL,734,https://www.kimovil.com/en/where-to-buy-asus-zenfone-3-zc553kl-3gb-32gb
Moto Z Play,1594,https://www.kimovil.com/en/where-to-buy-lenovo-moto-z-play-32gb-dual
Meizu M3 Max,946,https://www.kimovil.com/en/where-to-buy-meizu-m3-max
Lenovo A5,427,https://www.kimovil.com/en/where-to-buy-lenovo-a5-32gb-cmcc
Sharp R1,272,https://www.kimovil.com/en/where-to-buy-sharp-r1
Motorola Moto E5 Plus,729,https://www.kimovil.com/en/where-to-buy-motorola-moto-e5-plus-3gb-32gb-latam
Poptel P10,697,https://www.kimovil.com/en/where-to-buy-poptel-p10
Oukitel WP1,630,https://www.kimovil.com/en/where-to-buy-oukitel-wp1
Samsung Galaxy J6+,834,https://www.kimovil.com/en/where-to-buy-samsung-galaxy-j6-plus
Samsung Galaxy J6+,809,https://www.kimovil.com/en/where-to-buy-samsung-galaxy-j6-plus-3gb-32gb
Vernee M6,373,https://www.kimovil.com/en/where-to-buy-vernee-m6
Alcatel A7 Xl,739,https://www.kimovil.com/en/where-to-buy-alcatel-a7-xl
Oukitel WP5000,741,https://www.kimovil.com/en/where-to-buy-oukitel-wp5000
Asus ZenFone Pegasus 4A,394,https://www.kimovil.com/en/where-to-buy-asus-zenfone-pegasus-4a
HomTom S8,394,https://www.kimovil.com/en/where-to-buy-homtom-s8
Kenxinda S9,349,https://www.kimovil.com/en/where-to-buy-kenxinda-s9
Ulefone Power 2,652,https://www.kimovil.com/en/where-to-buy-ulefone-power-2
Samsung Galaxy C7,959,https://www.kimovil.com/en/where-to-buy-samsung-galaxy-c7-c7000-32gb
Oppo R11 Plus,1695,https://www.kimovil.com/en/where-to-buy-oppo-r11-plus
Blackview P2,487,https://www.kimovil.com/en/where-to-buy-blackview-p2
Bluboo Maya Max,564,https://www.kimovil.com/en/where-to-buy-bluboo-maya-max
Oppo R9 Plus,1568,https://www.kimovil.com/en/where-to-buy-oppo-r9-plus
Doogee F7,710,https://www.kimovil.com/en/where-to-buy-doogee-f7
UMi Super,1031,https://www.kimovil.com/en/where-to-buy-umi-super
Motorola Moto G6 Play,764,https://www.kimovil.com/en/where-to-buy-motorola-moto-g6-play-latam
Vernee M3,275,https://www.kimovil.com/en/where-to-buy-vernee-m3
HiSense A6,1835,https://www.kimovil.com/en/where-to-buy-hisense-a6
Nomu T18,998,https://www.kimovil.com/en/where-to-buy-nomu-t18
Gome K1,1181,https://www.kimovil.com/en/where-to-buy-gome-k1-128gb
HomTom H5,339,https://www.kimovil.com/en/where-to-buy-homtom-h5
Meiigoo S8,504,https://www.kimovil.com/en/where-to-buy-meiigoo-s8
Oukitel K3,418,https://www.kimovil.com/en/where-to-buy-oukitel-k3
Maze Comet,737,https://www.kimovil.com/en/where-to-buy-maze-comet
HomTom S9 Plus,497,https://www.kimovil.com/en/where-to-buy-homtom-s9-plus
Oukitel K6000 Plus,591,https://www.kimovil.com/en/where-to-buy-oukitel-k6000-plus
BlackBerry KEY2,2059,https://www.kimovil.com/en/where-to-buy-blackberry-key2
HomTom H10,394,https://www.kimovil.com/en/where-to-buy-homtom-h10
Meizu M5 note,767,https://www.kimovil.com/en/where-to-buy-meizu-m5-note-4gb-64gb
Flipkart Bilion Capture+,272,https://www.kimovil.com/en/where-to-buy-flipkart-bilion-capture-plus
Samsung Galaxy J7 Max,975,https://www.kimovil.com/en/where-to-buy-samsung-galaxy-j7-max
Uhans Max 2,513,https://www.kimovil.com/en/where-to-buy-uhans-max-2
Oukitel Mix 2,660,https://www.kimovil.com/en/where-to-buy-oukitel-mix-2-6gb
Meiigoo Note 8,670,https://www.kimovil.com/en/where-to-buy-meiigoo-note-8
Samsung Galaxy C7 Pro,1331,https://www.kimovil.com/en/where-to-buy-samsung-galaxy-c7-pro
Oukitel K10000 Pro,699,https://www.kimovil.com/en/where-to-buy-oukitel-k10000-pro
Huawei Nova 2 Plus,1329,https://www.kimovil.com/en/where-to-buy-huawei-nova-2-plus
LG Q8 (2018),1400,https://www.kimovil.com/en/where-to-buy-lg-q8-2018
Vivo X7 Plus,1586,https://www.kimovil.com/en/where-to-buy-vivo-x7-plus
Samsung Galaxy C7,1241,https://www.kimovil.com/en/where-to-buy-samsung-galaxy-c7
Asus ZenFone 3 Max ZC520TL,624,https://www.kimovil.com/en/where-to-buy-asus-zenfone-3-maxzc520tl3gb-32gb
VK7000,660,https://www.kimovil.com/en/where-to-buy-vkworld-vk7000
Yota Devices YotaPhone 3,1172,https://www.kimovil.com/en/where-to-buy-yota-devices-yotaphone-3
Oukitel K5000,660,https://www.kimovil.com/en/where-to-buy-oukitel-k5000
ZTE Blade A3 (2017),465,https://www.kimovil.com/en/where-to-buy-zte-blade-a3-2017
HomTom HT50,325,https://www.kimovil.com/en/where-to-buy-homtom-ht50
Vernee Thor Plus,519,https://www.kimovil.com/en/where-to-buy-vernee-thor-plus
Zoji Z8,390,https://www.kimovil.com/en/where-to-buy-zoji-z8
Blackview BV7000 Pro,614,https://www.kimovil.com/en/where-to-buy-blackview-bv7000-pro
Huawei Enjoy 7 Plus,966,https://www.kimovil.com/en/where-to-buy-huawei-enjoy-7-plus
Huawei Nova Plus,1681,https://www.kimovil.com/en/where-to-buy-huawei-nova-plus-4gb-64gb
Uhans Note 4,628,https://www.kimovil.com/en/where-to-buy-uhans-note-4
Doogee S60,908,https://www.kimovil.com/en/where-to-buy-doogee-s60
Quantum V,1849,https://www.kimovil.com/en/where-to-buy-quantum-v
Doogee S60,563,https://www.kimovil.com/en/where-to-buy-doogee-s60-lite
UMi Plus Extreme,1832,https://www.kimovil.com/en/where-to-buy-umi-plus-extreme
